User,churches,resorts,beaches,parks, theatres,museums,malls,zoo,restaurants,pubs/bars, local services,burger/pizza shops, hotels/other lodgings, juice bars,art galleries,dance clubs,swimming pools,gyms,bakeries,beauty & spas,cafes,view points,monuments,gardens
0,0,0.8,0,1,1,1,1,1,1,0.65,0.91,0.52,0.7,0.69,0.67,0.79,0.49,0.53,0.7,0.52,0.64,0,0,0
1,0,0.8,0,1,1,1,1,1,1,0.65,0.9,0.52,0.7,0.69,0.67,0.79,0.49,0.53,0.7,0.52,0.64,0,0,0
2,0,0.8,0.22,1,1,1,1,1,0.89,0.65,0.9,0.54,0.7,0.69,0.67,0.79,0.49,0.53,0.7,0.52,0.64,0,0,0
3,0,0.8,0,1,1,1,1,1,1,0.65,0.9,0.52,0.7,0.69,0.67,0.79,0.49,0.53,0.7,0.52,0.64,0,0,0
4,0,0.8,0,1,1,1,1,1,1,0.65,0.91,0.53,0.7,0.68,0.67,0.79,0.49,0.53,0.7,0.52,0.64,0,0,0
5,0,0.8,1,1,1,1,1,0.86,0.89,0.65,0.9,0.54,0.69,0.68,0.66,0.79,0.49,0.53,0.7,0.52,0.64,0,0,0
6,0,0.8,1,1,1,1,1,1,1,0.65,0.9,0.52,0.69,0.68,0.66,0.79,0.5,0.53,0.7,0.52,0.64,0,0,0
7,0,0.8,1,1,1,1,1,0.86,1,0.65,0.9,0.53,0.69,0.67,0.66,0.34,0.5,0.73,0.7,0.52,0.64,0,0,0
8,0,0.8,1,1,1,1,1,1,0.89,0.65,0.9,0.51,0.69,0.66,0.66,0.34,0.49,0.73,0.7,0.63,0.64,0,0,0
9,0,0.8,0.23,1,1,1,1,1,1,0.65,0.9,0.5,0.68,0.66,0.65,0.34,0.49,0.73,0.7,0.63,0.64,0,0,0
10,0,0.8,0.23,1,1,1,1,1,1,0.64,0.89,0.5,0.67,0.66,0.64,0.33,0.49,0.73,0.7,0.63,0.64,0,0,0
11,0,0.8,0.23,1,1,1,1,1,1,0.64,0.89,0.5,0.66,0.65,0.36,0.33,0.49,0.73,0.7,0.63,0.64,0,0,0
12,0,0.8,0.23,1,1,1,1,1,0.87,0.64,1,0.49,0.66,0.65,0.36,0.34,0.52,0.73,0.7,0.63,0.64,0,0,0
13,0.01,0.8,0.23,1,1,1,1,1,0.87,0.64,0.89,0.49,0.66,0.65,0.36,0.34,0.44,0.73,0.7,0.63,0.51,0,0,0
14,0.01,0.8,0.22,1,1,1,1,1,1,0.64,0.75,0.49,0.66,0.64,0.36,0.34,0.44,0.73,0.7,0.63,0.51,0,0,0
15,0.01,0.8,0.22,1,1,1,1,0.82,1,0.38,0.89,0.49,0.66,0.65,0.36,0.34,0.44,0.73,0.7,0.63,0.51,0,0,0
16,0.01,0.8,0.23,1,1,1,1,0.82,1,0.38,0.89,0.49,0.66,0.65,0.36,0.34,0.44,0.73,0.7,0.63,0.52,0,0,0
17,0.01,0.8,0.22,1,1,1,1,0.82,1,0.38,0.89,0.49,0.66,0.65,0.36,0.35,0.49,0.73,0.7,0.63,0.53,0,0,0
18,0.01,0.8,1,1,1,1,1,0.82,1,0.38,0.89,0.49,0.66,0.65,0.36,0.37,0.49,0.73,0.7,0.63,0.51,0,0,0
19,0.01,0.8,0.22,1,1,0.99,1,0.82,1,0.38,0.89,0.49,0.66,0.65,0.36,0.37,0.54,0.73,0.7,0.63,0.52,0,0,0
20,0.01,0.8,1,1,1,0.99,1,0.82,1,0.38,0.74,0.49,0.66,0.64,0.36,0.37,0.52,0.73,0.7,0.63,0.58,0,0,0
21,0.01,0.8,1,1,1,1,1,0.82,1,0.38,0.74,0.49,0.66,0.64,0.36,0.41,0.52,0.73,0.7,0.63,0.5,0,0,0
22,0.01,0.8,0.22,1,1,1,1,0.82,1,0.38,0.74,0.49,0.66,0.64,0.36,0.77,0.57,0.73,0.7,0.63,0.64,0,0,0
23,0.01,0.8,0.22,0.21,1,1,1,0.82,1,0.38,0.74,0.5,0.66,0.64,0.64,0.77,0.59,0.55,0.7,0.63,0.55,0,0,0
24,0.01,0.8,0.22,0.21,1,1,1,0.82,1,0.38,0.74,0.5,0.66,0.64,0.63,0.8,0.58,0.56,0.7,0.63,0.64,0,0,0
25,0.01,0.8,0.24,0.21,1,1,1,0.82,1,0.38,0.74,0.5,0.66,0.64,0.63,0.8,0.58,0.58,0.7,0.63,0.56,0,0,0
26,0.01,0.8,0.22,1,1,1,1,0.82,1,0.38,0.74,0.5,0.66,0.64,0.63,0.8,0.58,0.58,0.7,0.63,0.5,0,0,0
27,0.01,0.8,0.23,0.21,1,1,1,0.82,1,0.38,0.74,0.5,0.66,0.64,0.62,0.8,0.48,0.58,0.7,0.63,0.51,0,0,0
28,0.01,0.8,0.23,0.21,1,1,1,0.82,1,0.38,0.74,0.5,0.66,0.64,0.62,0.8,0.48,0.59,0.7,0.63,0.5,0,0,0
29,0.01,0.8,0.23,0.21,1,1,1,0.82,1,0.38,0.74,0.5,0.66,0.64,0.62,0.8,0.47,0.57,0.7,0.63,0.64,0,0,0
30,0.01,0.8,0.22,0.21,1,1,1,0.82,1,0.38,0.74,0.5,0.66,0.64,0.62,0.8,0.47,0.58,0.7,0.63,0.64,0,0,0
31,0.01,0.8,0.22,0.21,1,1,1,0.82,1,0.38,0.74,0.5,0.66,0.63,0.62,0.79,0.57,0.57,0.7,0.63,0.54,0,0,0
32,0.01,0.8,0.23,0.21,1,1,1,0.82,1,0.38,0.74,0.49,0.66,0.63,0.62,0.79,0.45,0.57,0.7,0.63,0.53,0,0,0
33,0.01,0.8,0.23,0.21,1,1,1,0.82,1,0.38,0.74,0.49,0.65,0.63,0.62,0.79,0.44,0.58,0.7,0.63,0.64,0,0,0
34,0.01,0.8,0.23,0.22,1,1,1,0.82,1,0.38,0.74,0.49,0.65,0.63,0.61,0.81,0.44,0.56,0.7,0.63,0.54,0,0,0
35,0.01,0.34,0.23,1,1,1,1,0.82,1,0.77,0.73,0.49,0.65,0.62,0.61,0.78,0.44,0.57,0.7,0.63,0.64,0,0,0
36,0.01,0.35,0.24,1,1,1,1,0.82,1,0.77,0.73,0.48,0.64,0.62,0.6,0.75,0.44,0.57,0.7,0.63,0.64,0,0,0
37,0.01,0.36,0.24,1,1,1,1,0.82,1,0.37,0.73,0.48,0.63,0.61,0.59,0.75,0.44,0.58,0.7,0.63,0.64,0,0,0
38,0.01,0.36,0.24,1,1,1,1,0.82,1,0.36,0.72,0.48,0.63,0.6,0.59,0.26,0.6,0.58,0.7,0.63,0.64,0.52,0,0.33
39,0.01,0.37,0.25,0.27,1,1,1,0.82,1,0.36,0.72,1,0.62,0.6,0.58,0.73,0.59,0.57,0.7,0.63,0.64,0.52,0,0.33
40,0.02,0.37,0.24,1,1,1,1,0.82,1,0.35,0.42,1,0.62,0.59,0.57,0.73,0.44,0.6,0.7,0.63,0.64,0.53,0.29,0.33
41,0.02,0.38,0.25,1,1,1,1,0.82,1,0.35,0.41,1,0.61,0.58,0.57,0.73,0.44,0.62,0.7,0.63,0.64,0.54,0.29,0.34
42,0.02,0.38,0.25,1,1,1,1,0.82,0.48,0.35,0.41,1,0.6,0.58,0.56,0.72,0.59,0.59,0.7,0.63,0.64,0.55,0.3,0.35
43,0.02,0.39,0.25,1,1,1,1,0.82,1,0.35,0.41,1,0.59,0.57,0.55,0.53,0.58,0.61,0.7,0.63,0.64,0.56,0.3,0.35
44,0.02,0.4,0.25,1,1,1,1,0.82,1,0.74,0.7,0.44,0.59,0.56,0.54,0.53,0.62,0.6,0.7,0.63,0.64,0.57,0.31,0.36
45,0.02,0.41,0.26,1,1,1,1,0.82,1,0.74,0.7,0.43,0.58,0.55,0.54,0.53,0.61,0.56,0.7,0.63,0.64,0.58,0.31,0.36
46,0.02,0.41,0.26,1,1,1,1,0.82,1,0.74,0.7,1,0.57,0.55,0.53,0.52,0.61,0.6,0.7,0.63,0.64,0.6,0.31,0.38
47,0.02,0.41,0.27,1,1,1,1,0.82,1,0.74,0.69,0.42,0.56,0.54,0.52,0.52,0.69,0.59,0.7,0.63,0.64,0.62,0.32,0.38
48,0.02,0.42,0.27,1,1,1,1,0.82,1,0.73,0.69,0.42,0.55,0.54,0.52,0.52,1,0.61,0.7,0.63,0.64,0.63,0.33,0.38
49,0.02,0.43,0.27,1,1,1,1,0.82,1,0.73,0.38,0.42,0.55,0.53,0.51,0.51,1,0.61,0.7,0.63,0.64,0.53,0.33,0.39
50,0.02,0.43,0.28,1,1,1,1,0.82,1,0.73,0.37,0.41,0.54,0.52,0.5,0.72,1,0.61,0.7,0.63,0.64,1,0.33,0.39
51,0.02,0.43,0.28,1,1,1,1,0.82,1,0.73,0.37,0.41,0.54,0.52,0.5,0.51,0.63,0.61,0.7,0.63,0.64,0.52,0.34,0.39
52,0.02,0.43,0.29,1,1,1,1,0.82,1,0.73,0.68,0.4,0.53,0.51,0.49,0.71,0.63,0.63,0.7,0.63,0.64,0.52,0.34,0.39
53,0.02,0.44,0.29,1,1,1,1,0.82,1,0.9,0.67,0.4,0.52,0.5,0.48,0.71,1,0.62,0.7,0.63,0.64,0.52,0.35,0.4
54,0.02,0.46,0.29,1,1,1,1,0.82,1,0.9,0.67,0.4,0.52,0.49,0.48,0.7,1,0.66,0.7,0.63,0.64,0.52,0.43,0.4
55,0.02,0.47,0.3,0.29,1,1,1,0.82,1,0.9,0.67,1,0.51,0.49,0.47,0.7,1,0.66,0.7,0.63,0.64,0.52,0.36,0.41
56,0.02,0.48,0.3,1,1,1,1,0.82,1,0.9,0.66,0.38,0.5,0.48,0.46,0.67,1,0.67,0.7,0.63,0.64,0.67,0.44,0.41
57,0.02,0.49,0.31,1,1,1,1,0.82,1,0.89,0.66,1,0.49,0.47,0.45,0.65,1,0.66,0.7,0.63,0.64,0.52,1,0.38
58,0.02,0.49,0.31,1,1,1,1,0.82,1,0.89,0.66,1,0.49,0.46,0.45,0.64,1,0.66,0.7,0.63,0.64,0.52,1,0.38
59,0.02,0.5,0.31,1,1,1,1,1,1,0.89,0.65,1,0.49,0.46,0.44,0.64,1,0.67,0.61,0.63,0.64,1,0.38,0.42
60,0.02,0.51,0.32,0.32,1,1,1,0.82,1,0.88,0.65,0.76,0.48,0.45,0.43,0.63,1,0.7,0.61,0.63,0.64,0.71,0.38,0.43
61,0.02,0.51,0.32,1,1,1,1,0.82,1,0.88,0.65,0.76,0.47,0.44,0.43,0.63,1,0.7,0.61,0.63,0.64,0.72,0.39,0.44
62,0.02,0.52,0.32,1,1,1,1,0.82,1,0.88,0.64,0.75,0.46,0.44,0.42,0.63,1,0.71,0.62,0.63,0.64,0.53,0.39,0.44
63,0.02,0.49,0.33,0.33,1,1,1,0.82,1,0.88,0.8,0.75,0.45,0.44,0.41,0.62,1,0.57,0.66,0.63,0.64,0.53,0.4,0.44
64,0.02,0.49,0.33,1,1,1,1,0.82,1,0.87,0.79,0.74,0.45,0.43,0.41,0.62,1,0.57,0.62,0.52,0.64,0.54,0.41,0.45
65,0.02,0.5,0.33,0.33,1,1,1,0.82,1,0.87,0.8,0.73,0.47,0.44,0.4,0.61,1,0.57,0.73,0.52,0.64,0.53,0.41,0.46
66,0.02,0.51,0.34,0.34,0,1,1,0.81,1,0.87,0.79,0.73,0.52,0.44,0.39,0.61,1,0.58,0.71,0.52,0.64,0.53,0.41,0.46
67,0.02,0.57,0.34,0.33,0.01,1,1,0.81,1,0.87,1,0.72,0.52,0.43,0.38,0.6,1,0.58,0.71,0.55,0.5,0.78,0.42,0.47
68,0.03,0.52,0.35,0.33,1,1,1,0.82,1,0.87,0.79,0.72,0.52,0.42,0.38,0.59,1,1,0.71,0.54,0.5,0.54,0.43,0.48
69,0.03,0.53,0.36,0.34,0.02,1,1,1,1,0.86,0.99,0.71,0.51,0.38,0.37,0.59,1,1,0.71,0.54,0.51,0.55,0.43,0.48
70,0.03,0.58,0.36,0.34,0.03,1,1,1,1,0.86,0.98,0.71,0.49,0.38,0.36,0.58,1,0.61,0.71,0.55,0.51,0.55,0.45,0.5
71,0.03,0.55,0.37,0.35,0.04,1,1,0.81,1,0.85,0.98,0.69,0.49,0.39,0.35,0.58,1,0.6,0.72,0.55,0.52,0.55,1,0.5
72,0.03,0.56,0.38,0.36,1,1,1,1,1,0.85,0.97,0.69,0.47,0.36,0.34,0.57,1,0.6,0.73,0.55,0.52,0.55,1,0.52
73,0.03,0.57,0.38,0.36,1,1,1,0.8,1,0.84,0.96,0.68,0.46,0.37,0.32,0.56,1,0.61,0.75,0.56,0.53,0.56,1,0.53
74,0.03,0.58,0.39,0.37,1,1,1,0.8,1,0.84,0.96,0.67,0.45,0.33,0.31,0.55,1,1,0.68,0.56,0.53,0.57,1,0.4
75,0.03,0.6,0.4,0.38,1,1,1,0.8,1,0.83,0.95,0.66,0.43,0.32,0.3,0.54,1,1,0.68,0.56,0.54,0.57,0.49,0.41
76,0.03,0.62,0.41,0.38,1,1,1,0.79,1,0.83,0.94,0.65,0.42,0.3,0.29,0.53,1,1,0.69,0.57,0.54,0.57,1,0.56
77,0.03,0.63,0.41,0.39,1,1,1,0.79,1,0.82,0.94,0.64,0.4,0.3,0.27,0.53,0.99,1,0.69,0.58,0.55,0.58,1,0.58
78,0.03,0.65,0.42,0.4,1,1,1,0.79,1,0.81,0.93,0.63,0.39,0.28,0.26,0.52,1,0.95,0.71,0.58,0.55,0.59,1,0.59
79,0.03,0.66,0.43,0.41,1,1,1,0.79,1,0.81,0.92,0.62,0.42,0.27,0.24,0.51,1,0.94,0.72,0.59,0.56,0.59,1,0.6
80,0.03,0.67,0.44,0.41,1,1,1,0.78,1,0.8,0.92,0.61,0.27,0.25,0.23,0.5,0.95,0.93,0.73,0.6,0.57,0.6,1,0.61
81,0.03,0.69,0.45,0.42,1,1,1,0.78,1,0.8,0.91,0.6,0.25,0.24,0.22,0.49,0.93,0.93,0.73,0.6,0.57,0.6,1,0.63
82,0.03,0.7,0.46,0.43,1,1,1,0.78,1,0.79,0.9,0.59,0.33,0.22,0.21,0.48,0.91,0.92,0.74,0.61,0.58,0.61,1,0.64
83,0.03,0.71,0.46,0.43,1,1,1,0.78,1,0.78,0.9,0.58,0.41,0.21,0.2,0.48,0.9,1,0.75,0.62,0.59,0.62,1,0.65
84,0.03,0.73,0.47,0.44,1,1,1,0.77,1,0.77,0.9,0.57,0.39,0.19,0.18,0.47,0.88,1,1,0.62,0.59,0.62,1,0.66
85,0.03,0.77,0.48,0.45,1,1,1,0.77,1,0.77,0.89,0.56,0.38,0.18,0.17,0.46,0.87,1,1,0.63,0.6,0.63,1,0.67
86,0.03,0.78,0.49,0.46,1,1,1,0.77,1,0.77,0.89,0.44,0.36,0.16,0.15,0.45,0.85,1,1,0.64,0.61,0.64,0.42,0.69
87,0.03,0.79,0.5,0.86,1,1,1,0.76,1,0.76,0.88,0.54,1,0.15,0.15,0.44,0.84,0.72,1,0.64,0.61,0.64,0.43,0.7
88,0.03,0.8,0.5,0.47,1,1,1,1,1,0.75,0.63,0.53,0.25,0.14,0.13,0.44,0.82,1,0.79,0.65,0.62,0.65,1,0.71
89,0.03,0.82,0.51,0.93,1,1,1,1,1,0.75,0.62,0.53,0.15,0.13,0.12,0.43,0.81,1,1,0.66,0.63,0.66,1,0.73
90,0.03,0.82,0.52,0.94,1,1,1,1,1,0.74,0.61,0.51,0.13,0.12,0.1,0.42,0.8,1,0.81,0.66,0.63,0.66,0.46,0.73
91,0.03,0.84,0.52,0.5,1,1,1,1,1,0.73,0.61,0.51,0.12,0.1,0.1,0.41,0.78,1,0.81,0.67,0.64,0.67,1,0.75
92,0.03,0.85,0.53,0.5,1,1,1,0.74,1,0.73,0.43,0.5,0.11,0.09,0.08,0.4,0.76,0.99,0.81,0.68,0.65,0.68,1,0.76
93,0.03,0.83,0.54,0.51,1,1,1,0.74,1,0.73,0.42,0.49,0.09,0.08,0.07,0.39,0.75,1,1,0.68,0.65,0.68,1,0.77
94,0.03,0.84,0.54,0.51,1,1,1,0.74,1,0.72,0.41,0.48,0.08,0.07,0.06,0.39,0.74,0.96,1,0.69,0.66,0.69,0.47,0.78
95,0.04,0.88,0.55,0.52,1,1,1,0.74,1,0.72,0.4,0.47,0.06,0.05,0.05,0.38,0.72,0.94,1,0.69,0.66,0.7,0.46,0.8
96,0.04,0.87,0.56,0.89,1,1,1,1,1,0.71,0.39,0.46,0.05,0.04,0.04,0.37,0.71,0.92,0.84,0.69,0.66,0.7,0.47,0.8
97,0.04,0.87,0.56,0.96,1,1,1,1,1,0.7,0.39,0.46,0.05,0.03,0.03,0.37,0.7,0.91,0.85,0.69,0.67,0.71,1,0.82
98,0.04,0.87,0.56,0.53,1,1,1,1,1,0.7,0.38,0.45,0.04,0.02,0.02,0.36,0.75,0.9,0.85,0.7,0.67,0.71,1,1
99,0.04,0.87,0.56,0.53,1,1,1,1,1,0.7,0.57,0.45,0.04,0.02,0.02,0.37,0.75,1,0.86,0.7,0.67,0.71,0.48,1
100,0.04,0.86,0.55,0.52,0.26,1,1,1,1,0.71,0.81,0.45,0.04,0.03,0.03,0.39,0.74,1,1,0.7,0.67,0.72,0.45,1
101,0.04,0.86,0.55,0.52,0.26,1,1,1,1,0.72,0.82,0.45,0.05,0.03,0.03,0.37,0.74,1,1,0.7,0.67,0.72,0.45,1
102,0.04,0.86,0.55,0.52,0.26,1,1,1,1,0.73,0.57,0.45,0.05,0.03,0.03,0.36,0.74,1,1,0.7,0.67,0.71,0.45,1
103,0.04,0.86,0.55,0.52,0.26,1,1,1,1,0.72,0.58,0.45,0.05,0.04,0.03,0.37,0.74,1,1,0.7,0.67,0.72,0.45,1
104,0.04,0.86,0.55,0.52,0.25,1,1,1,1,0.72,0.81,0.45,0.05,0.04,0.03,0.36,0.75,1,1,0.71,0.66,0.71,0.44,1
105,0.04,0.86,0.55,0.53,0.25,1,1,1,1,0.71,0.58,0.45,0.07,0.06,0.03,0.36,0.7,1,1,0.71,0.66,0.72,0.44,1
106,0.04,0.86,0.55,0.53,0.26,1,1,1,1,0.71,0.81,0.45,0.23,0.04,0.03,0.36,0.71,1,1,0.71,0.66,0.72,0.45,1
107,0.04,0.86,0.55,0.53,0.25,1,1,1,1,0.71,0.82,0.45,1,0.06,0.03,0.36,0.69,1,1,1,0.66,0.72,0.45,1
108,0.04,0.86,0.55,0.53,0.25,1,1,1,1,0.71,0.82,0.45,0.24,0.06,0.03,0.36,0.68,1,1,1,0.66,0.74,0.45,1
109,0.04,0.91,0.55,0.53,0.25,1,1,1,1,1,0.39,0.45,0.63,0.07,0.03,0.36,0.68,1,1,1,0.67,0.7,0.4,0.47
110,0.04,0.53,1,0.53,0.25,0.13,1,1,1,0.84,0.39,0.45,0.64,0.06,0.03,0.36,0.68,0.9,1,0.82,0.67,0.69,0.39,0.47
111,0.04,0.52,0.58,0.53,0.25,0.13,1,1,1,1,0.82,0.46,1,0.11,0.1,0.36,0.67,0.87,1,0.7,0.76,0.69,0.39,0.46
112,0.04,0.52,0.57,0.53,0.25,0.13,1,1,1,0.63,0.82,0.46,1,0.12,0.04,0.36,0.67,0.87,1,0.7,0.67,0.68,0.39,0.58
113,0.04,0.86,0.57,0.53,0.25,1,1,1,1,0.84,0.82,0.46,1,0.12,0.03,0.36,0.67,0.86,1,0.7,0.66,0.67,0.39,0.54
114,0.04,0.52,0.55,0.53,0.25,1,1,1,1,0.84,0.82,0.46,0.63,0.04,0.03,0.36,0.67,0.86,1,0.71,0.66,0.67,0.38,0.53
115,0.04,0.85,0.55,0.53,0.25,1,1,1,1,0.84,0.82,0.46,0.62,1,0.03,0.36,0.67,0.86,0.88,0.71,0.66,0.67,0.39,0.46
116,0.04,0.85,0.58,0.53,0.27,1,1,1,1,0.84,0.82,0.68,0.62,1,0.03,0.36,0.67,0.85,0.88,0.71,0.66,0.67,1,0.45
117,0.04,0.85,0.54,0.53,0.27,0.13,1,1,1,0.84,1,0.95,0.62,1,0.03,0.36,0.67,0.86,0.89,0.72,0.67,0.67,0.4,0.5
118,0.04,0.85,1,0.53,0.25,0.13,1,1,1,0.84,0.74,0.89,0.08,0.62,0.03,0.36,0.66,0.85,1,1,0.72,0.66,0.38,0.48
119,0.04,0.51,1,0.53,0.25,0.13,1,1,1,0.84,0.96,0.95,0.62,1,1,0.36,0.65,0.86,1,0.9,1,0.67,0.37,0.44
120,0.04,0.5,1,0.54,0.25,0.13,0.15,1,1,1,0.74,0.47,0.62,1,1,0.36,0.65,0.84,1,1,0.78,0.67,0.37,0.44
121,0.04,1,1,1,0.25,0.12,0.15,1,1,0.88,0.96,0.47,0.62,1,1,0.37,0.65,0.83,0.98,1,0.67,0.67,0.37,0.44
122,0.05,0.5,0.54,0.54,0.25,0.12,1,1,1,1,0.96,0.47,0.62,0.05,1,0.37,0.65,0.82,0.98,1,1,0.67,0.37,0.43
123,0.05,0.95,0.54,0.54,0.25,0.12,0.14,1,1,0.88,0.96,0.95,0.62,0.61,1,0.36,0.65,0.83,0.98,1,1,0.66,0.37,0.43
124,0.05,0.48,0.54,0.54,0.26,0.13,0.15,1,1,1,0.96,0.96,0.63,0.61,1,0.36,0.65,0.83,0.97,1,1,0.66,0.36,0.42
125,0.05,0.48,0.32,1,0.23,0.1,1,1,1,1,0.97,0.96,0.63,0.6,1,0.36,0.65,0.83,1,1,1,0.67,0.36,0.42
126,0.05,0.47,0.31,1,0.26,0.13,1,1,0.33,1,0.97,1,0.63,0.53,0.59,0.36,0.65,0.82,0.97,1,1,0.67,0.37,0.42
127,0.05,0.47,0.31,1,0.26,0.13,1,1,0.33,1,1,1,0.94,0.53,0.59,0.36,0.65,0.81,0.96,1,0.85,0.7,0.37,0.42
128,0.05,0.47,0.31,1,0.28,0.13,0.14,1,0.33,1,1,1,1,0.6,0.59,0.37,0.65,0.81,0.95,0.84,0.84,0.67,0.37,0.42
129,0.05,0.47,1,1,1,0.13,0.14,1,0.33,1,1,0.86,0.63,0.6,0.59,0.4,0.66,0.8,0.95,0.82,0.83,0.67,0.42,0.41
130,0.05,0.54,1,0.52,0.27,0.13,0.14,1,0.33,1,1,1,0.64,0.6,1,1,0.65,0.8,0.94,0.82,0.82,0.67,0.37,0.41
131,0.05,0.47,0.31,0.51,0.27,0.13,0.14,1,0.32,1,1,1,0.64,0.6,1,1,0.65,0.8,0.94,0.81,1,0.68,0.37,0.41
132,0.05,0.46,0.3,0.5,0.23,0.13,0.14,1,0.33,1,1,1,1,0.6,0.59,1,0.65,0.8,0.94,0.81,1,0.67,0.37,0.41
133,0.05,0.52,0.3,0.5,0.27,0.13,0.2,1,0.32,1,1,1,1,0.6,0.58,1,0.65,0.8,0.94,0.89,0.81,0.67,0.37,0.41
134,0.05,0.5,0.3,0.51,0.27,0.13,0.2,1,0.32,1,1,1,1,0.6,0.58,1,0.65,0.79,0.92,0.88,0.81,0.68,0.37,0.41
135,0.05,0.5,0.3,0.51,0.27,0.13,0.15,1,0.33,1,1,1,1,0.6,0.58,1,0.65,0.79,0.92,0.88,0.81,0.68,0.37,0.41
136,0.05,0.52,0.3,0.51,0.27,0.13,0.15,1,0.33,1,1,1,1,0.6,0.58,1,0.65,0.8,0.92,0.89,0.81,0.68,0.37,0.41
137,0.05,0.52,0.3,0.51,0.27,0.13,0.14,1,0.33,1,1,1,1,0.6,0.58,1,0.65,0.79,0.92,0.89,0.81,0.68,0.37,0.41
138,0.05,0.53,0.31,0.51,0.27,0.13,0.15,1,0.33,1,1,1,1,0.6,0.58,1,0.64,0.79,0.92,1,1,0.68,0.37,0.41
139,0.05,0.53,0.31,0.51,0.27,0.13,0.15,1,0.33,1,1,1,1,0.6,0.57,1,0.64,0.79,0.92,0.93,0.8,0.69,0.37,0.42
140,0.05,0.54,0.31,0.51,0.23,0.13,0.15,1,0.33,1,1,1,1,0.59,0.57,1,0.64,0.79,0.91,0.88,0.8,0.7,0.38,0.42
141,0.05,0.56,0.32,0.51,0.24,0.14,0.15,1,0.33,1,1,1,1,0.58,0.56,1,0.63,0.78,0.91,0.88,0.8,0.71,0.39,0.43
142,0.05,0.56,1,0.52,0.24,0.14,0.17,1,0.34,1,1,1,1,0.57,0.54,0.42,0.63,0.78,0.91,0.79,0.79,0.74,0.39,0.44
143,0.05,0.57,1,0.53,0.25,0.14,0.16,1,0.34,1,1,1,1,0.56,0.54,1,0.62,0.77,0.9,0.87,0.78,0.75,0.41,0.45
144,0.05,0.58,1,0.53,0.25,0.15,0.17,1,1,1,1,1,1,0.55,0.52,1,0.62,0.77,0.89,0.86,1,0.77,0.41,0.46
145,0.05,0.59,1,0.54,0.26,0.15,0.17,1,1,1,1,1,1,0.54,0.51,1,0.61,0.76,0.89,0.88,1,0.79,0.42,0.47
146,0.05,0.53,1,0.54,0.27,0.15,0.18,1,1,1,1,1,1,0.52,0.5,1,0.61,0.75,0.88,0.77,1,0.81,0.43,0.48
147,0.05,0.54,0.63,0.55,0.28,0.15,0.19,1,1,1,1,1,1,0.51,0.48,1,0.6,0.75,0.88,0.88,1,0.82,0.44,0.5
148,0.05,0.55,1,0.55,0.29,0.16,0.66,1,1,1,1,1,1,0.78,0.48,1,0.6,0.74,0.86,0.89,0.75,0.84,0.45,0.51
149,0.06,0.56,1,0.56,0.29,0.16,0.65,1,1,1,1,1,1,0.77,0.46,1,0.6,0.73,0.85,0.9,0.75,0.86,0.46,0.52
150,0.06,0.58,0.64,0.57,0.31,0.17,0.66,1,1,1,1,1,1,0.75,0.45,1,0.59,0.73,0.84,0.74,0.9,0.89,0.47,0.53
151,0.06,0.59,1,0.57,0.31,0.17,0.66,1,1,1,1,1,1,0.74,0.43,1,0.58,0.72,0.84,0.8,0.73,0.91,0.49,0.54
152,0.06,0.7,1,0.58,0.33,0.17,0.66,1,1,1,1,1,1,0.7,0.42,1,0.58,0.71,0.83,0.73,0.88,0.92,0.5,0.56
153,0.06,0.71,1,0.59,0.33,0.18,1,1,1,1,1,0.99,1,0.69,0.41,1,0.57,0.71,0.81,0.73,0.72,0.95,0.51,0.57
154,0.06,0.77,1,0.6,0.34,0.18,1,1,1,1,1,0.98,1,0.67,0.39,1,0.56,0.7,0.81,0.8,0.71,0.96,0.52,0.59
155,0.06,0.75,1,0.61,0.35,0.18,1,1,1,1,1,0.97,1,0.65,0.38,0.4,0.55,0.68,0.8,0.8,0.89,0.98,0.54,0.6
156,0.06,1,1,0.61,0.36,0.19,1,1,1,1,1,0.96,1,0.63,0.36,1,0.55,0.67,0.79,0.69,0.9,1,0.55,0.61
157,0.06,0.69,1,0.62,0.37,0.22,1,1,1,1,1,0.95,1,0.63,0.35,1,0.54,0.67,0.79,1,0.91,1,0.56,0.63
158,0.06,1,0.68,0.63,0.38,0.23,1,1,1,1,1,1,1,0.6,0.33,1,0.54,0.66,0.78,0.68,0.69,1,0.57,0.64
159,0.06,1,0.69,0.63,0.39,0.23,1,1,1,1,1,0.66,0.99,0.6,0.31,1,0.53,0.65,0.77,0.67,0.92,1,0.58,0.65
160,0.06,0.87,0.69,0.64,0.4,0.24,1,1,1,1,1,0.64,0.98,0.58,0.3,1,0.53,0.64,0.75,1,0.93,1,0.59,0.67
161,0.06,0.87,0.7,0.65,0.41,0.24,1,1,1,1,1,0.66,0.96,0.57,0.29,1,0.52,0.64,0.74,0.75,0.66,1,0.61,0.67
162,0.06,0.87,0.7,0.65,0.42,0.24,1,1,1,1,1,0.62,0.8,0.55,0.28,1,0.51,0.63,0.74,0.65,0.65,1,0.61,0.69
163,0.06,0.88,0.71,0.66,0.42,0.25,1,1,1,1,1,0.61,0.93,0.54,0.27,1,0.51,0.62,0.73,1,0.65,1,0.62,0.7
164,0.06,0.89,0.72,0.67,0.43,1,1,1,1,1,1,0.6,0.92,0.52,0.25,1,0.5,0.62,0.72,0.64,0.96,1,0.63,0.71
165,0.06,0.91,0.72,0.68,0.44,1,1,1,1,1,1,0.59,0.91,0.51,0.24,1,0.49,0.61,0.72,0.75,0.63,1,0.64,0.72
166,0.06,1,0.73,0.68,0.44,0.27,1,1,1,1,1,0.58,0.89,0.5,0.23,1,0.49,0.61,0.71,0.63,0.63,1,0.65,0.73
167,0.06,0.98,0.73,0.68,0.45,0.68,1,1,1,1,1,0.57,0.8,0.49,0.22,1,0.49,0.6,0.71,0.71,0.62,1,0.66,0.75
168,0.06,0.82,0.74,0.69,0.46,1,1,1,1,1,1,0.56,0.79,0.47,0.21,1,0.49,0.59,0.69,0.62,0.62,1,0.67,0.75
169,0.06,1,0.75,0.7,0.47,0.68,1,1,1,1,1,0.55,0.77,0.46,0.2,1,0.48,0.59,0.68,0.62,0.61,1,0.79,0.76
170,0.06,0.88,0.75,0.7,0.48,1,1,1,1,1,1,0.54,0.83,0.45,0.19,1,0.48,0.58,0.68,0.68,0.61,1,0.69,0.77
171,0.06,0.88,0.76,0.71,0.48,1,1,1,1,1,1,0.54,0.75,0.18,0.17,1,0.47,0.57,0.68,0.6,0.6,1,0.81,0.78
172,0.06,0.97,0.55,0.72,1,0.7,1,1,1,1,1,0.53,0.76,0.17,0.16,1,0.46,0.57,0.67,0.59,0.6,1,0.71,0.8
173,0.06,0.97,0.78,0.72,0.43,0.7,1,1,1,1,1,0.51,0.72,0.16,0.15,0.33,0.45,0.56,0.66,0.66,0.59,1,0.72,0.81
174,0.06,0.98,0.78,0.73,0.43,1,1,1,1,1,1,0.5,0.62,0.15,0.13,0.32,0.45,0.56,0.66,0.65,0.58,1,0.73,0.82
175,0.06,1,0.79,0.74,0.44,1,1,1,1,1,1,0.49,0.61,0.13,0.12,0.31,0.44,0.55,0.64,0.68,0.58,1,0.74,0.83
176,0.06,1,0.8,0.74,0.44,1,1,1,1,1,0.43,0.49,0.6,0.13,0.11,0.3,0.44,0.54,0.63,0.64,0.57,1,0.75,0.84
177,0.07,1,0.8,0.75,0.45,1,1,1,1,1,0.43,0.47,0.68,0.11,0.1,0.29,0.44,0.54,0.63,0.55,1,1,0.75,0.86
178,0.07,0.98,0.81,0.76,1,1,1,1,1,1,0.42,0.46,0.66,0.1,0.08,0.29,0.43,0.53,0.62,0.63,1,1,0.77,0.87
179,0.07,1,0.81,0.76,1,1,1,1,1,1,0.41,0.46,0.65,0.09,0.08,0.29,0.43,0.73,0.61,0.55,0.54,1,0.78,0.88
180,0.07,0.96,0.82,0.76,1,1,1,1,1,1,0.41,0.45,0.65,0.59,0.07,0.4,0.43,0.73,0.61,0.59,0.54,1,0.78,0.88
181,0.07,0.94,0.82,0.76,0.55,1,1,1,1,1,1,0.45,0.65,0.58,0.07,1,0.43,0.73,0.7,0.59,0.53,1,0.86,0.88
182,0.07,0.93,1,0.76,0.55,0.71,1,1,1,1,1,0.46,0.67,0.55,0.07,1,0.44,0.73,0.7,0.53,0.53,1,0.78,0.88
183,0.07,0.93,1,0.76,0.55,1,1,1,1,1,1,0.46,0.67,0.54,0.08,1,0.44,0.73,0.7,0.53,0.54,1,0.78,0.88
184,0.07,0.94,1,0.76,0.55,1,1,1,1,1,1,0.46,0.66,0.63,0.08,1,0.44,0.73,0.7,0.53,0.53,1,0.79,0.88
185,0.07,0.93,0.61,0.76,0.55,0.71,1,1,1,1,1,0.46,0.66,0.7,0.08,1,0.44,0.73,0.7,0.53,0.53,1,0.79,0.88
186,0.07,0.93,1,0.76,0.55,1,1,1,1,1,1,0.46,0.65,0.61,0.08,1,0.45,0.73,0.7,0.52,0.58,1,0.78,0.88
187,0.07,0.93,1,0.76,0.55,1,1,1,1,1,1,0.46,0.67,0.6,0.08,1,0.46,0.73,0.7,0.52,0.69,1,0.78,0.88
188,0.07,0.93,0.71,0.76,0.55,1,1,1,1,1,1,0.46,0.65,0.55,0.08,1,0.47,0.73,0.7,0.52,0.57,1,0.86,0.88
189,0.07,0.93,0.6,0.57,0.55,1,1,1,1,1,1,0.47,0.65,0.54,0.08,0.4,0.49,0.73,0.7,0.52,0.68,0.59,0.86,0.88
190,0.07,0.93,0.6,0.57,0.55,1,1,1,1,1,1,0.47,0.65,0.54,0.08,0.39,0.48,0.73,0.7,0.63,0.54,1,0.79,0.88
191,0.07,0.93,0.6,0.57,0.55,1,1,1,1,1,1,0.47,0.65,0.54,0.08,0.39,0.49,0.73,0.7,0.63,0.53,1,0.79,0.88
192,0.07,0.93,0.6,0.57,0.55,1,1,1,1,1,1,0.47,0.65,0.54,0.08,0.39,0.49,0.73,0.7,0.63,0.54,1,0.63,0.88
193,0.07,0.93,0.6,0.57,0.55,1,1,1,1,1,1,0.47,0.65,0.53,0.58,0.34,0.49,0.73,0.7,0.63,0.53,1,0.63,0.88
194,0.07,0.93,0.6,0.76,0.55,1,1,1,1,1,1,0.47,0.65,0.53,0.58,0.34,0.49,0.73,0.7,0.63,0.62,1,0.63,0.88
195,0.07,0.93,0.59,0.57,0.57,1,1,1,1,1,1,0.48,0.65,0.53,0.31,0.39,0.43,0.73,0.7,0.63,0.61,0.91,0.63,0.88
196,0.07,0.93,0.6,0.76,1,1,1,1,1,1,1,0.49,0.65,0.53,0.31,0.39,0.43,0.73,0.7,0.63,0.52,0.91,0.63,0.88
197,0.07,0.93,0.6,0.76,1,0.38,1,1,1,1,1,1,0.62,0.53,0.31,0.39,0.5,0.73,0.7,0.63,0.51,0.91,0.62,0.88
198,0.07,0.93,0.67,0.77,0.55,0.36,1,0.94,1,1,1,1,0.62,0.55,0.31,0.39,0.44,0.73,0.7,0.63,0.5,0.55,0.62,0.89
199,0.07,0.95,0.67,0.77,0.55,1,0.66,0.94,1,1,1,0.49,0.62,0.6,0.62,0.39,0.51,0.73,0.7,0.63,0.56,0.54,0.62,0.89
200,0.07,0.93,0.62,0.77,0.55,1,1,0.94,1,1,1,0.49,0.62,0.64,0.61,0.39,0.53,0.73,0.7,0.63,0.53,0.54,0.62,0.89
201,0.07,0.92,0.61,0.78,0.55,0.44,1,0.94,1,1,1,0.49,0.62,0.64,0.68,0.39,0.62,0.73,0.7,0.63,0.52,0.53,0.6,0.89
202,0.07,0.92,0.59,0.78,0.3,0.44,0.49,0.94,1,1,1,1,0.62,0.63,0.67,0.39,0.6,0.54,0.7,0.63,0.64,0.53,0.59,0.89
203,0.07,0.92,0.58,1,0.29,0.44,1,0.94,1,1,1,1,0.63,0.63,0.57,0.39,1,0.57,0.7,0.63,0.64,0.68,0.62,0.89
204,0.08,0.92,0.58,0.55,0.29,0.44,0.47,0.95,1,1,1,1,0.63,0.63,0.57,0.39,0.72,0.58,0.7,0.63,0.64,0.68,0.62,0.71
205,0.08,0.92,0.58,0.65,0.55,0.44,0.4,0.95,1,1,1,1,0.64,0.62,0.57,0.39,0.66,0.6,0.7,0.63,0.64,0.61,1,0.71
206,0.08,0.92,0.59,0.63,0.55,0.44,0.37,0.95,1,1,1,1,0.65,0.62,0.51,0.72,0.66,0.61,0.7,0.63,0.64,0.59,1,0.71
207,0.08,0.92,0.58,0.63,0.55,1,0.36,0.95,1,1,1,1,0.65,0.6,0.57,0.54,0.71,0.61,0.7,0.63,0.64,0,0.29,0.7
208,0.08,0.92,0.58,0.63,0.55,0.44,0.4,0.95,1,1,1,1,0.65,0.6,0.57,0.54,0.7,0.61,0.7,0.63,0.64,0,0.29,0.68
209,0.08,0.92,0.58,0.62,0.55,0.44,1,0.46,1,1,1,1,0.65,0.6,0.57,0.54,0.7,0.65,0.7,0.63,0.64,0.56,0.29,0.67
210,0.08,0.92,0.58,0.62,0.56,0.44,0.41,0.45,1,1,1,1,0.65,0.6,0.61,0.54,0.7,0.62,0.7,0.63,0.64,0,0,0.67
211,0.08,0.92,0.58,0.62,0.56,0.44,0.47,0.95,1,1,1,1,0.65,0.6,0.61,0.54,0.7,0.62,0.7,0.63,0.64,0,0.29,0.67
212,0.08,0.92,0.58,0.62,0.55,0.44,0.41,0.43,1,1,1,1,0.65,0.6,0.61,0.54,0.7,0.62,0.7,0.63,0.64,0,0.29,0.68
213,0.08,0.92,0.58,0.63,0.56,0.44,0.41,0.44,1,1,1,1,0.65,0.6,0.61,0.54,0.7,0.65,0.7,0.63,0.64,0.57,0.29,0.68
214,0.08,0.92,0.58,0.63,0.56,0.44,1,0.44,1,1,1,1,0.65,0.6,0.6,0.54,0.7,0.64,0.7,0.63,0.64,0,0.29,0.68
215,0.08,0.93,0.59,0.63,0.56,0.44,1,0.41,1,1,1,1,0.65,0.6,0.6,0.54,0.7,0.65,0.7,0.63,0.64,0,0.29,0.68
216,0.08,0.93,0.59,0.63,0.56,0.44,1,0.35,1,1,1,1,0.65,0.59,0.59,0.54,0.7,0.65,0.7,0.63,0.64,0,0.29,0.36
217,0.08,0.93,0.59,0.63,0.56,0.45,0.41,0.31,1,1,1,1,0.64,0.59,0.59,1,0.7,0.67,0.7,0.63,0.64,0,0.29,0.36
218,0.08,0.94,0.6,0.57,0.56,0.45,0.41,0.3,1,1,1,1,0.63,0.58,0.59,0.55,0.69,0.53,0.7,0.63,0.64,0,0.83,0.66
219,0.08,0.95,0.6,0.57,0.57,0.45,0.41,0.95,1,1,1,1,0.63,0.58,0.58,1,0.69,0.54,0.7,0.63,0.64,0,1,0.66
220,0.08,0.95,0.6,0.57,0.87,0.45,0.41,0.95,1,1,1,1,0.62,0.57,0.57,0.54,0.68,0.54,0.7,0.63,0.64,0,1,0.67
221,0.08,0.96,0.6,0.57,1,0.45,1,0.31,1,1,1,1,0.62,0.57,0.57,0.76,0.68,0.54,0.7,0.63,0.64,0,1,0.6
222,0.08,0.97,0.61,0.57,0.32,0.46,1,0.3,1,1,1,1,0.61,0.56,0.56,0.72,0.67,0.54,0.7,0.63,0.64,0,1,0.6
223,0.08,0.98,0.61,0.57,0.88,0.46,0.49,0.3,1,1,1,1,0.61,0.55,0.55,0.75,0.67,0.55,0.7,0.63,0.64,0,0.38,0.61
224,0.08,0.98,0.62,0.58,0.33,0.46,0.41,0.3,1,1,1,1,0.6,0.55,0.54,0.71,1,0.55,0.66,0.63,0.64,0,0.39,0.61
225,0.08,0.99,0.62,0.58,0.33,0.46,1,0.3,1,1,1,1,1,0.55,0.54,0.64,0.95,0.55,0.67,0.52,0.64,0,0.37,0.62
226,0.08,1,0.63,0.59,0.34,0.47,0.49,0.18,1,1,1,1,1,0.55,0.53,0.71,1,0.56,0.62,0.63,0.64,0,0.87,0.62
227,0.08,1,0.63,0.59,0.34,0.22,0.49,0.16,1,1,1,1,1,0.55,0.52,0.67,1,0.56,0.62,0.63,0.64,0,0.39,0.63
228,0.08,1,0.63,0.59,0.34,0.22,0.5,0.29,1,1,1,1,1,0.54,0.52,0.68,0.92,0.56,0.62,0.63,0.64,0,1,0.63
229,0.08,1,0.63,0.6,0.35,0.23,0.5,0.17,1,1,1,1,1,0.53,0.51,0.67,0.65,0.79,0.62,0.63,0.64,0,0.38,0.65
230,0.08,1,0.64,0.6,0.35,0.23,0.21,0.16,1,1,1,1,1,0.53,0.5,0.67,0.65,0.8,0.62,0.63,0.64,0,0.39,0.66
231,0.09,1,0.64,0.6,0.36,0.24,0.5,0.15,1,1,1,1,1,0.52,0.5,0.66,0.65,0.79,0.62,0.63,0.64,0,1,0.66
232,0.09,1,0.65,0.61,0.36,0.24,1,0.15,1,1,1,1,1,0.52,0.49,0.68,0.9,0.78,0.62,0.63,0.64,0.52,1,0.67
233,0.09,1,0.65,0.61,0.36,0.24,1,0.14,1,1,1,1,1,0.51,0.48,0.61,0.64,0.79,0.63,0.52,0.64,0.52,1,0.83
234,0.09,1,0.66,0.61,0.37,0.25,1,0.14,1,1,1,1,1,0.5,0.48,0.61,0.64,0.78,0.63,0.52,0.64,0.52,1,1
235,0.09,1,0.66,0.62,0.37,0.26,1,0.14,1,1,1,1,1,0.49,0.47,0.64,0.87,0.77,0.64,0.53,0.64,0.53,0.93,0.54
236,0.09,1,0.66,0.62,0.38,0.26,0.25,0.14,1,1,1,1,1,0.49,0.46,0.65,0.87,0.77,0.64,0.53,0.5,0.53,1,0.55
237,0.09,1,0.67,0.63,0.38,0.49,0.22,0.95,1,1,1,1,1,0.49,0.45,0.64,0.86,0.77,0.66,0.53,0.5,0.53,1,0.56
238,0.09,1,0.67,0.63,0.39,0.27,0.24,0.14,1,1,1,1,1,0.48,0.45,0.64,0.86,0.77,0.69,0.53,0.51,0.53,1,1
239,0.09,1,0.68,0.63,0.62,0.28,0.18,0.13,1,1,1,1,0.99,0.47,0.44,0.64,0.85,0.77,0.67,0.54,0.51,0.54,1,1
240,0.09,0.91,0.68,0.64,0.4,0.28,0.17,0.13,1,1,1,1,0.98,1,0.43,0.63,0.85,0.76,0.77,0.54,0.52,0.54,0.38,1
241,0.09,0.92,0.69,0.64,0.41,0.29,0.2,0.95,1,1,1,1,0.97,1,0.43,0.63,0.85,0.76,0.69,0.55,0.52,0.55,0.37,1
242,0.09,0.93,0.69,0.65,0.42,0.51,0.26,0.95,1,1,1,1,0.95,1,0.41,0.62,0.84,1,0.68,0.56,0.53,0.55,0.41,0.59
243,0.09,0.94,0.7,0.65,0.42,0.3,0.26,0.95,1,1,1,1,0.95,1,0.38,0.61,0.83,1,0.69,0.56,0.53,0.56,0.37,1
244,0.09,0.95,0.71,0.66,0.43,0.51,0.17,0.95,1,1,1,1,0.93,1,0.37,0.6,0.83,1,0.69,0.57,0.54,0.56,0.38,0.61
245,0.09,0.97,0.72,0.67,0.44,0.32,0.28,0.95,1,1,1,1,0.92,1,0.36,0.6,0.83,0.76,0.71,0.58,0.55,0.57,0.39,0.61
246,0.09,0.98,0.72,0.68,0.45,0.21,0.39,0.95,1,1,1,1,0.9,1,0.37,0.59,1,0.76,0.71,0.58,0.55,0.58,0.39,0.63
247,0.09,0.99,0.73,0.68,0.46,0.21,0.29,0.95,1,1,1,1,0.89,1,0.36,0.58,0.83,1,0.72,0.59,0.56,0.59,0.41,0.64
248,0.09,1,0.74,0.69,0.47,0.28,0.39,0.95,1,1,1,1,0.88,1,0.32,0.58,0.83,0.75,0.73,0.59,0.57,0.59,0.42,0.66
249,0.09,1,0.74,0.7,0.47,0.27,0.39,0.94,1,1,1,1,0.86,1,0.31,0.57,1,0.98,0.74,0.61,0.57,0.6,0.42,0.67
250,0.09,1,0.75,0.7,0.48,0.25,0.41,0.94,1,1,1,1,0.85,1,0.29,0.56,1,0.97,0.74,0.61,0.58,0.61,0.46,1
251,0.09,1,0.76,0.71,0.49,0.22,0.39,0.91,1,1,1,1,0.82,1,0.29,0.61,0.79,0.97,0.75,0.62,0.59,0.62,0.42,1
252,0.09,1,0.77,0.72,1,0.24,0.41,0.94,1,1,1,1,0.81,1,0.27,0.6,0.77,0.96,0.77,0.63,0.6,0.62,0.43,1
253,0.09,1,0.78,0.73,0.51,0.22,0.42,0.94,1,1,1,1,0.8,1,0.26,0.6,1,0.95,0.78,0.63,0.6,0.63,1,1
254,0.09,1,0.78,0.74,1,0.23,0.42,0.94,1,1,1,1,0.78,1,0.24,0.59,1,0.94,0.78,0.64,0.61,0.64,1,0.62
255,0.09,1,0.79,0.74,1,0.23,0.44,0.94,1,1,1,1,0.77,1,0.23,0.58,1,0.93,0.79,0.65,0.62,0.65,1,0.64
256,0.09,1,0.8,0.75,0.54,0.24,0.44,0.94,1,1,1,1,0.75,1,0.22,0.58,1,0.93,0.8,0.66,0.63,0.65,1,0.65
257,0.09,1,0.81,0.76,1,0.35,0.43,0.94,1,1,1,1,0.73,1,0.2,0.57,1,0.92,0.81,0.67,0.64,0.66,1,1
258,0.09,1,0.81,0.76,1,0.36,0.43,0.94,1,1,1,1,0.72,1,0.19,0.57,1,0.92,0.81,0.67,0.64,0.67,1,1
259,0.1,1,0.82,0.77,0.76,1,0.43,0.94,1,1,1,1,0.7,1,0.17,0.56,1,0.91,0.83,0.68,0.65,0.68,1,1
260,0.1,1,0.83,0.78,0.77,0.27,0.44,0.94,1,1,1,1,0.69,1,0.16,0.55,1,0.9,0.84,0.69,0.66,0.68,1,1
261,0.1,1,0.84,0.79,0.51,1,0.5,1,1,1,1,1,0.67,1,0.15,0.55,1,0.88,0.85,0.69,0.66,0.69,1,1
262,0.1,1,0.85,0.8,0.51,0.29,0.53,0.93,1,1,1,1,0.65,1,0.14,0.54,1,0.88,0.85,0.7,0.67,0.7,1,1
263,0.1,1,0.85,0.8,0.52,1,0.56,0.93,1,0.96,1,1,0.64,1,0.13,0.53,0.99,0.87,0.86,0.7,0.68,0.71,1,1
264,0.1,1,0.86,0.81,0.52,1,1,0.93,1,0.96,1,1,0.62,1,1,0.53,0.97,0.88,0.88,0.71,0.69,0.72,1,1
265,0.1,1,0.87,0.82,0.53,1,1,0.93,1,0.96,1,1,0.61,1,1,0.53,0.96,1,0.88,0.73,0.7,0.72,1,1
266,0.1,1,0.88,0.82,0.53,1,0.61,0.93,1,1,1,1,0.59,1,1,0.52,0.95,1,0.89,0.73,0.7,0.74,1,1
267,0.1,1,0.89,0.83,0.54,1,0.61,1,1,0.95,1,1,0.58,1,1,0.52,0.94,0.88,0.9,0.74,0.71,0.75,1,1
268,0.1,1,0.9,0.84,0.54,1,0.66,0.94,1,0.94,1,1,0.56,1,1,0.51,0.93,1,0.91,0.74,0.7,0.75,1,1
269,0.1,1,0.91,0.85,0.54,0.63,0.66,0.94,1,0.94,1,1,0.55,1,1,0.51,0.92,1,0.92,0.76,0.7,0.77,1,1
270,0.1,1,0.91,0.86,0.55,0.63,0.67,1,1,0.94,1,1,0.53,1,1,0.71,0.91,1,0.9,0.74,0.71,0.77,1,0.83
271,0.1,1,0.92,0.86,0.55,0.64,1,1,1,0.94,1,1,0.52,1,1,1,0.91,1,0.9,0.74,0.71,0.77,1,0.84
272,0.1,1,0.93,0.92,0.56,1,1,1,1,0.93,1,1,0.5,1,1,1,0.9,0.95,0.91,0.75,0.72,0.77,1,1
273,0.1,1,0.94,0.93,0.55,1,1,1,1,0.93,1,1,0.49,1,1,1,0.89,0.93,0.97,0.76,0.73,0.77,0.46,1
274,0.1,1,0.94,1,0.61,0.58,1,1,1,0.93,1,1,0.48,1,1,0.48,0.88,0.92,0.97,0.76,0.73,0.78,1,1
275,0.1,1,0.95,1,0.56,0.65,1,1,1,1,1,1,0.46,1,1,0.48,0.87,0.91,1,0.77,0.74,0.78,1,1
276,0.1,1,0.96,1,0.56,1,1,1,1,0.92,1,1,0.45,1,1,0.47,0.86,0.9,1,0.78,0.75,0.79,1,1
277,0.1,1,0.97,1,0.52,0.64,1,1,1,0.92,1,1,0.43,1,1,0.47,0.85,0.88,0.98,0.79,0.76,0.8,1,0.83
278,0.1,1,0.98,1,0.53,0.65,1,1,1,0.91,1,1,0.42,1,0.27,0.46,0.85,0.88,1,0.8,0.76,0.8,1,0.84
279,0.1,1,0.98,1,0.54,0.65,1,1,1,0.91,1,1,0.4,1,0.25,0.46,0.84,0.87,1,0.81,0.77,0.81,1,1
280,0.1,1,0.99,0.97,0.54,0.66,1,1,1,0.91,1,1,0.39,1,0.24,0.29,0.83,0.86,1,0.81,0.78,0.82,1,1
281,0.1,1,1,0.98,0.55,0.66,1,0.81,1,0.91,1,1,0.37,1,0.22,0.28,0.82,0.86,1,0.87,0.79,0.83,1,1
282,0.1,1,1,1,0.55,0.48,1,1,1,0.9,0.61,1,0.35,1,0.21,0.28,0.81,0.86,1,0.84,0.79,0.84,1,1
283,0.1,1,1,1,0.56,0.48,1,1,1,0.9,0.6,1,0.34,1,0.2,0.27,0.8,1,1,0.82,0.8,0.84,1,1
284,0.1,1,1,1,0.57,0.68,1,0.8,1,0.9,0.59,1,0.32,1,0.18,0.26,0.8,0.99,1,0.84,0.81,0.85,1,1
285,0.1,1,1,1,0.58,0.69,1,1,1,0.89,0.58,1,0.19,1,0.17,0.25,0.8,0.96,0.98,0.84,0.81,0.85,1,1
286,0.11,1,1,1,0.59,1,1,1,1,0.89,0.58,1,0.18,0.17,0.16,0.25,0.79,0.96,0.97,0.85,0.82,0.86,1,0.91
287,0.11,1,1,1,0.59,0.68,1,0.79,1,0.98,1,1,0.18,0.16,0.15,0.24,0.79,0.97,0.96,0.86,0.82,0.86,1,1
288,0.11,1,1,1,0.58,0.68,1,1,1,1,1,1,0.18,0.16,0.15,0.25,0.79,0.96,0.95,0.86,0.82,0.87,1,1
289,0.11,1,1,1,0.58,0.68,1,1,1,1,1,1,0.18,0.16,0.15,1,0.8,0.95,0.95,0.86,0.82,0.87,1,1
290,0.11,1,1,1,0.59,0.68,1,1,1,1,1,1,0.18,0.17,0.15,1,0.8,0.96,0.95,0.86,0.81,0.87,1,1
291,0.11,1,1,1,0.58,0.69,1,1,1,1,1,1,0.18,0.17,0.15,1,0.8,0.96,0.95,0.86,0.82,0.87,1,1
292,0.11,1,1,1,0.58,0.69,1,1,1,1,1,1,0.18,0.17,0.15,1,0.8,0.96,0.95,0.86,0.82,0.87,1,1
293,0.11,1,1,1,0.59,0.69,1,1,1,1,1,1,0.18,0.16,0.15,1,0.79,0.96,0.95,0.86,0.82,0.87,1,1
294,0.11,1,1,1,0.59,0.69,1,1,1,1,1,1,0.18,0.16,0.15,1,0.79,0.96,0.95,0.86,0.82,0.87,1,1
295,0.11,1,1,1,0.59,0.69,1,1,1,1,1,1,0.18,0.16,0.15,1,0.79,0.97,0.95,0.87,0.82,0.88,1,1
296,0.11,1,1,1,0.59,0.69,1,1,1,1,1,1,0.18,0.16,0.15,1,0.79,0.97,0.95,0.87,0.82,0.87,1,1
297,0.11,1,1,1,0.61,0.69,1,1,1,1,1,1,0.18,0.16,0.15,1,0.8,0.96,0.95,0.87,0.82,0.87,1,1
298,0.11,1,1,1,0.6,0.69,1,1,1,1,1,1,0.18,0.16,0.15,1,0.8,0.96,0.95,0.87,0.82,0.89,1,1
299,0.11,1,1,1,0.6,0.69,1,1,1,1,1,1,0.18,0.16,0.15,1,0.8,0.97,0.95,0.87,0.82,0.89,1,1
300,0.11,1,1,1,0.6,0.69,1,1,1,1,1,1,0.18,0.16,0.15,1,0.79,0.97,0.95,0.87,0.82,0.89,1,1
301,0.11,1,1,1,0.6,0.69,1,1,1,1,1,1,0.17,0.15,0.15,1,0.79,0.97,0.95,0.97,0.82,0.89,1,1
302,0.11,1,1,1,0.61,0.69,1,1,1,1,1,1,0.17,0.15,0.15,1,0.79,0.97,0.95,0.97,0.82,0.89,1,1
303,0.11,1,1,1,0.6,0.69,1,1,1,1,1,1,0.16,0.15,0.14,0.44,0.79,0.97,0.95,0.97,0.83,0.87,1,1
304,0.11,1,1,1,0.6,0.69,1,1,1,1,1,1,0.16,0.14,0.13,0.69,0.78,0.97,0.95,0.97,0.83,0.87,1,1
305,0.11,1,1,1,0.6,0.69,1,1,1,1,1,1,0.15,0.13,0.13,0.43,0.78,0.96,0.94,0.96,0.84,0.88,1,1
306,0.11,1,1,1,0.61,0.7,1,1,1,1,1,1,0.14,0.13,0.11,0.43,0.78,0.96,0.95,0.95,0.85,0.89,1,1
307,0.11,1,1,1,0.62,0.7,1,1,1,1,1,1,0.13,0.12,0.1,0.67,0,0.95,0.94,0.95,0.85,0.9,1,1
308,0.11,1,1,1,0.62,0.7,1,1,1,1,1,1,0.12,0.1,0.1,0.42,0,0.95,0.94,0.95,0.83,0.95,1,1
309,0.11,1,1,1,0.63,0.71,1,1,1,0.88,1,1,0.11,0.1,0.08,0.41,0,0.95,0.95,0.94,0.83,0.92,1,1
310,0.11,1,1,1,0.63,0.71,1,1,1,0.95,1,1,0.09,0.08,0.07,0.4,0,0.95,0.95,1,0.84,1,1,1
311,0.11,1,1,1,0.64,0.53,1,1,1,1,1,1,0.08,0.07,0.06,0.39,0,0.95,0.95,0.8,0.85,0.94,1,1
312,0.11,1,1,1,0.68,1,1,1,1,0.87,1,1,0.07,0.06,0.05,0.38,0,0.94,1,0.8,0.85,0.97,1,1
313,0.12,1,1,1,0.64,0.54,1,0.76,1,0.86,1,1,0.06,0.04,0.04,0.38,0,0.94,1,0.8,0.86,0.94,1,1
314,0.12,1,1,1,0.65,1,1,1,1,0.86,0.99,1,0.05,0.04,0.03,0.37,0,0.94,0.97,0.79,0.87,0.94,1,1
315,0.12,1,1,1,0.65,1,1,1,1,0.85,0.98,1,0.05,0.03,0.02,0.36,0.76,0.94,0.96,0.79,0.91,0.95,1,0.83
316,0.12,1,1,1,0.66,0.74,1,1,1,0.85,0.98,1,1,0.05,0.02,0.36,1,0.94,0.95,0.79,1,0.95,1,0.83
317,0.12,1,1,1,0.66,1,1,1,1,0.85,0.98,1,1,0.05,0.02,0.36,0.69,0.93,0.95,0.79,0.93,0.94,1,0.83
318,0.12,1,1,1,0.65,1,1,1,1,0.85,0.98,1,1,0.07,0.03,0.36,0.68,0.94,0.96,0.79,1,0.94,1,0.84
319,0.12,1,1,1,0.92,1,1,1,1,0.85,0.98,1,1,0.07,0.03,0.36,0.68,0.94,0.96,0.79,0.92,0.94,1,0.84
320,0.12,1,1,1,0.66,1,1,1,1,0.85,0.98,1,1,0.07,0.03,0.36,0.68,0.94,0.96,0.79,0.9,0.94,1,0.84
321,0.12,1,1,1,0.65,1,1,1,1,0.85,0.98,0.79,1,0.07,0.03,0.36,0.68,0.94,0.96,0.79,0.89,0.94,1,1
322,0.12,1,1,1,0.66,1,1,1,1,0.85,0.98,0.79,1,1,0.03,0.36,0.68,0.94,0.95,0.79,0.89,0.94,1,0.84
323,0.12,1,1,1,0.92,1,1,1,1,0.85,0.98,0.58,1,0.06,0.06,0.36,0.68,0.94,0.95,0.78,0.89,0.94,1,1
324,0.12,1,1,1,0.92,1,1,1,1,0.85,0.98,0.58,1,0.15,0.1,0.36,0.67,0.94,0.96,0.79,0.89,0.94,1,1
325,0.12,1,1,1,0.92,1,1,1,1,0.85,0.98,0.58,1,0.15,0.1,0.36,0.67,0.73,0.96,0.79,0.89,0.94,1,1
326,0.12,1,1,1,0.66,1,1,1,1,0.85,0.98,0.58,1,0.15,0.03,0.36,0.67,0.73,1,0.79,0.88,0.94,1,0.76
327,0.12,1,1,1,0.91,0.6,1,1,1,0.85,0.98,0.58,1,0.14,0.03,0.36,0.67,0.73,1,0.9,0.88,0.94,1,0.76
328,0.12,1,1,1,0.91,0.59,1,1,1,0.85,0.99,0.58,1,0.04,0.03,0.36,0.67,0.73,1,0.9,0.88,0.94,1,0.76
329,0.12,1,1,1,0.91,0.58,1,1,1,0.85,0.99,0.58,1,0.04,0.03,0.36,0.67,0.73,1,0.9,0.88,0.89,0.54,0.75
330,0.12,1,1,1,0.91,0.58,1,1,1,0.85,0.99,0.58,1,0.04,0.03,0.36,0.66,0.73,1,0.89,0.77,0.89,0.54,1
331,0.12,1,1,1,0.92,0.58,1,1,1,0.86,0.99,0.58,1,0.15,0.03,0.36,0.66,0.73,1,0.87,0.76,0.88,0.52,1
332,0.12,1,1,1,1,0.59,0.58,1,1,0.86,0.98,1,1,0.15,0.03,0.36,0.67,0.73,1,0.8,0.75,0.88,0.52,1
333,0.12,1,1,1,1,0.55,0.77,1,1,0.86,0.98,1,0.08,1,0.03,0.36,0.66,0.73,1,0.86,0.75,0.88,0.51,0.6
334,0.12,1,1,1,0.93,0.55,0.58,1,1,0.86,0.98,1,0.08,1,0.03,0.36,0.66,1,1,0.79,0.75,0.92,0.51,1
335,0.12,1,1,1,0.91,0.55,0.77,1,1,0.86,0.98,1,1,1,1,0.35,0.65,1,1,0.89,0.75,0.92,0.51,0.6
336,0.12,1,1,1,0.91,1,1,1,1,0.86,0.98,1,1,1,1,0.36,0.65,1,1,0.79,0.74,0.9,0.51,1
337,0.12,1,1,1,0.91,0.83,0.62,1,1,0.87,0.98,1,0.8,1,1,1,0.65,0.84,1,0.89,0.75,0.9,0.51,0.61
338,0.12,1,1,1,0.91,0.83,0.62,1,1,0.87,0.98,1,0.8,0.05,1,0.37,0.65,0.83,0.7,0.88,0.75,0.89,0.53,0.59
339,0.12,0.91,1,1,0.91,0.83,0.62,1,1,1,0.98,1,0.79,1,0.15,0.36,0.65,0.83,0.7,0.88,0.85,0.89,0.49,0.59
340,0.13,0.93,1,1,0.92,0.83,0.62,1,1,0.87,0.98,1,0.79,1,0.15,0.36,0.65,0.82,0.7,0.88,0.84,0.89,0.49,0.6
341,0.13,0.93,1,0.97,0.92,0.83,0.62,1,1,0.87,0.98,1,0.79,1,0.15,0.36,0.65,0.82,0.7,0.88,0.82,0.89,0.48,0.59
342,0.13,0.88,1,0.97,0.92,0.83,0.62,1,1,0.87,0.99,1,0.79,1,1,0.36,0.65,0.82,0.7,0.88,0.82,0.88,0.49,0.59
343,0.13,0.93,1,0.97,0.91,1,0.58,1,1,0.87,0.99,1,0.79,1,1,0.36,0.65,0.82,0.7,0.92,0.82,0.89,0.63,0.59
344,0.13,0.87,1,0.97,0.92,1,0.58,1,1,0.87,0.99,1,0.79,1,1,0.36,0.65,0.82,0.7,0.89,0.81,0.89,0.63,0.58
345,0.13,1,1,0.97,0.92,1,0.62,1,1,0.87,0.99,1,0.8,1,1,0.36,0.65,0.82,0.7,0.9,0.81,0.78,0.63,0.58
346,0.13,0.87,1,0.97,0.92,1,0.62,1,1,0.87,0.99,1,0.8,1,1,0.36,0.65,0.82,0.7,0.89,0.76,0.77,0.63,0.58
347,0.13,1,0.69,0.97,0.92,1,0.6,1,1,1,0.99,1,0.8,1,1,0.36,0.65,0.82,0.7,0.88,0.75,0.76,0.63,0.58
348,0.13,0.87,0.74,0.97,0.92,0.83,0.58,1,1,1,0.99,1,1,1,1,0.36,0.65,0.82,0.7,0.88,0.75,0.76,0.63,0.58
349,0.13,1,1,0.97,0.92,0.83,0.58,0.49,1,1,0.99,1,1,1,1,0.36,0.65,0.82,0.7,0.88,0.75,0.76,0.63,0.58
350,0.13,1,0.69,0.97,0.92,1,0.58,0.49,1,0.87,0.99,1,0.8,1,1,0.36,0.65,0.81,1,0.88,0.75,0.76,0.67,0.58
351,0.13,1,0.69,0.97,0.95,0.83,0.58,0.5,1,0.87,0.99,1,1,0.78,1,0.36,0.65,0.81,1,0.88,0.74,0.76,0.49,0.58
352,0.13,0.81,0.7,0.97,0.93,0.83,1,1,1,1,1,1,1,1,1,0.37,0.65,0.81,1,0.88,0.84,0.76,0.49,0.58
353,0.13,0.8,1,0.97,0.95,0.83,0.58,0.49,1,1,1,1,1,0.77,1,1,0.65,0.8,1,0.88,0.84,0.76,0.49,0.57
354,0.13,1,1,0.86,0.96,0.83,1,0.47,1,1,1,1,1,0.77,1,1,0.65,0.8,0.95,0.63,0.84,0.76,0.49,0.55
355,0.13,0.74,1,0.85,0.96,0.83,0.87,0.5,1,1,1,1,1,0.77,1,1,0.65,0.8,0.95,0.63,0.84,0.76,0.48,0.54
356,0.13,0.75,1,0.8,1,0.83,0.86,0.5,1,1,1,1,1,0.77,1,1,0.65,0.8,0.94,0.63,0.84,0.76,0.49,0.54
357,0.13,0.74,1,0.97,0.96,0.83,0.86,0.5,1,1,1,1,1,0.77,1,1,0.65,0.8,0.94,0.63,0.84,0.86,0.49,0.54
358,0.13,0.75,1,0.8,0.81,0.83,0.87,1,1,1,0.99,1,1,0.77,1,1,0.65,0.8,0.94,0.63,0.84,0.86,0.42,0.54
359,0.13,0.74,1,0.97,1,0.83,0.86,1,1,1,0.99,1,1,0.77,1,1,0.65,0.8,0.94,0.63,0.84,0.77,0.42,0.54
360,0.13,0.74,1,0.8,0.81,0.83,0.86,0.47,1,1,0.99,1,1,0.77,1,1,0.65,0.8,0.94,0.63,0.84,0.77,0.42,0.54
361,0.13,0.75,1,0.8,0.81,0.83,0.86,0.5,1,1,0.99,1,1,0.77,1,1,0.65,0.8,0.94,0.63,0.83,0.86,0.42,0.54
362,0.13,0.81,1,0.8,1,0.83,0.86,0.47,0.83,1,0.99,1,1,0.77,1,1,0.65,0.8,0.94,0.63,0.84,0.86,0.42,0.54
363,0.13,0.81,1,0.97,0.81,0.83,0.87,0.5,1,1,0.99,1,1,0.77,1,0.44,0.65,0.8,0.94,0.63,0.84,0.86,0.69,0.55
364,0.13,0.81,1,0.8,0.81,0.83,0.87,0.5,1,1,0.99,1,1,0.77,1,1,0.65,0.8,0.94,0.63,0.84,0.86,0.42,0.55
365,0.13,1,1,0.8,0.82,0.83,0.87,1,1,1,0.99,1,1,0.77,1,0.44,0.65,0.79,0.92,0.63,0.84,0.86,0.7,0.55
366,0.13,0.76,1,0.98,0.82,0.83,0.87,0.51,1,1,0.99,1,1,0.76,1,1,0.64,0.79,0.92,0.63,0.84,0.86,0.7,0.56
367,0.13,1,1,0.98,0.82,0.83,0.87,0.5,1,1,0.99,1,1,0.75,1,0.43,0.64,0.79,0.92,0.63,0.85,0.87,0.43,0.56
368,0.14,0.89,1,0.78,0.82,0.84,0.87,0.47,0.78,1,0.98,1,1,0.74,1,0.42,0.64,0.79,0.91,0.63,0.85,0.85,0.43,0.56
369,0.14,1,1,0.79,0.82,0.84,0.87,0.5,1,1,0.98,1,1,0.74,1,0.42,0.63,0.78,0.91,0.91,0.86,0.85,0.43,0.57
370,0.14,0.78,1,0.99,0.83,0.84,0.88,1,1,1,0.97,1,1,0.74,1,0.41,0.63,0.78,0.91,0.91,0.86,0.8,0.43,0.58
371,0.14,0.78,1,0.99,0.83,0.84,0.88,0.5,0.77,1,0.97,1,1,0.73,1,0.41,0.63,0.77,0.9,0.92,0.87,0.8,0.43,0.58
372,0.14,0.79,1,0.99,0.83,0.84,0.89,0.5,0.77,1,0.97,1,1,0.72,1,0.41,0.62,0.77,0.9,0.78,0.88,0.86,0.44,0.66
373,0.14,0.8,1,1,0.84,0.84,1,0.47,0.77,1,0.96,1,1,0.72,1,0.41,0.62,0.77,0.89,0.77,0.88,0.87,0.45,0.59
374,0.14,0.94,0.59,1,0.84,0.85,0.93,0.5,0.77,1,0.96,1,1,0.71,1,1,0.61,0.76,0.91,0.77,0.64,0.83,0.45,0.59
375,0.14,0.67,0.59,1,0.85,0.85,0.92,0.47,0.76,1,0.95,1,1,1,1,1,0.61,0.76,0.89,0.77,0.64,0.83,0.46,0.59
376,0.14,0.67,1,1,0.85,0.85,0.93,0.47,0.76,1,1,1,1,0.97,1,1,0.61,0.75,0.88,0.77,0.64,0.85,0.47,0.59
377,0.14,0.67,1,1,0.86,0.86,0.9,0.47,1,1,0.94,1,1,1,1,1,0.6,0.75,0.86,0.75,0.64,0.86,0.48,0.6
378,0.14,0.67,0.61,1,0.86,0.86,1,0.47,1,1,0.93,1,1,1,1,1,0.6,0.74,0.85,0.75,0.64,0.87,0.53,0.61
379,0.14,0.67,1,0.75,0.87,0.86,0.9,1,1,1,0.93,1,1,1,1,1,0.6,0.74,0.85,0.74,0.94,0.96,0.53,0.61
380,0.14,0.68,1,0.75,0.87,0.86,0.9,0.46,0.73,1,0.92,1,1,1,1,1,0.61,0.74,0.85,0.73,0.96,0.89,0.53,0.62
381,0.14,0.68,0.62,1,0.87,0.87,0.9,0.73,0.73,1,0.92,1,1,1,1,1,0.62,0.73,0.84,0.73,1,0.81,0.54,0.62
382,0.14,0.69,0.63,1,0.88,0.87,0.9,0.47,0.73,1,0.92,1,1,1,1,1,0.68,0.73,0.84,0.72,1,0.8,0.54,0.63
383,0.14,0.69,1,1,0.88,0.87,0.91,1,0.73,1,0.91,1,1,1,1,1,0.66,0.73,0.84,0.72,0.74,0.8,0.54,0.63
384,0.14,1,1,1,0.88,0.88,0.91,1,0.73,1,1,1,1,1,1,1,0.66,0.73,0.83,0.72,0.73,0.8,0.55,0.63
385,0.14,1,1,1,0.89,0.88,0.91,1,0.74,1,1,1,1,1,1,1,0.65,0.72,0.83,0.71,0.73,0,0.55,0.64
386,0.14,0.71,1,0.76,0.89,0.88,0.91,1,0.73,1,1,1,1,1,1,1,0.64,0.72,0.83,0.71,0.72,0,0.56,0.6
387,0.14,0.71,1,0.74,0.9,0.88,0.91,1,0.73,1,1,1,1,1,0.57,1,0.63,0.72,0.81,0.7,0.72,0,0.57,0.61
388,0.14,1,1,0.74,0.9,0.89,0.91,0.41,0.73,1,1,1,1,1,0.56,1,0.63,0.71,0.81,0.7,0.72,0,0.53,0.61
389,0.14,1,1,1,0.92,0.89,0.92,0.47,0.72,1,1,1,1,1,0.54,1,0.63,0.75,0.8,0.7,0.71,0,0.57,0.63
390,0.14,1,1,1,0.92,1,0.92,0.46,0.72,1,1,0.99,1,1,1,1,1,0.71,0.8,0.69,1,0,0.55,0.63
391,0.14,1,1,1,0.93,0.9,0.93,0.46,0.71,1,1,0.98,1,1,0.52,1,1,0.7,0.8,0.69,1,0,0.6,0.65
392,0.14,1,1,1,0.93,0.9,0.93,0.46,0.71,1,1,0.97,1,1,0.5,1,1,0.7,0.79,0.68,0.69,0,0.61,0.66
393,0.14,1,1,1,0.94,1,0.93,0.37,0.73,1,1,1,1,1,0.49,1,1,0.68,0.79,0.68,0.68,0.53,0.62,0.67
394,0.14,1,0.68,0.77,0.95,0.9,0.93,0.38,0.67,1,1,1,1,1,0.48,1,0.56,0.68,0.78,0.67,0.54,0.54,0.63,0.68
395,0.15,1,0.52,0.78,0.95,0.91,0.93,0.41,0.71,1,1,1,1,1,0.46,1,0.56,0.68,0.78,0.67,0.68,0.56,0.3,0.69
396,0.15,0.81,0.52,0.79,0.96,1,0.94,0.44,0.7,1,1,1,1,1,0.45,1,0.56,0.67,0.78,0.66,0.67,0.57,0.31,0.71
397,0.15,0.82,0.53,0.8,0.97,1,0.94,0.46,0.7,1,1,1,1,1,0.44,1,1,0.67,0.77,0.66,0.67,0.59,0.32,0.72
398,0.15,0.99,0.53,0.8,0.98,0.91,0.94,1,1,1,1,1,1,1,0.43,1,1,0.67,0.77,0.66,0.66,0.6,0.33,0.39
399,0.15,0.95,0.54,1,0.98,1,0.95,1,1,1,1,1,1,1,0.41,1,0.56,0.66,0.75,0.65,0.67,0.61,0.34,0.39
400,0.15,0.96,0.55,1,1,1,0.94,0.47,0.71,1,1,1,1,1,0.4,1,0.54,0.66,0.75,0.65,0.63,0.63,0.34,0.4
401,0.15,0.97,1,1,1,1,0.95,0.48,0.71,1,1,1,1,1,0.38,1,1,0.65,0.75,0.65,0.65,0.65,0.35,0.41
402,0.15,0.98,1,1,1,0.95,0.95,0.47,0.71,1,1,1,1,1,0.37,1,1,0.64,0.74,0.64,0.65,0.66,0.36,0.42
403,0.15,1,1,1,1,1,0.95,0.47,0.7,1,1,1,1,1,0.36,1,1,0.64,0.74,0.64,0.65,0.68,0.37,0.43
404,0.15,1,1,1,1,0.93,0.95,0.48,1,1,1,1,1,1,1,1,1,0.64,0.73,0.63,0.64,0.69,0.38,0.44
405,0.15,1,1,1,1,1,0.58,1,1,1,1,1,1,1,1,1,1,0.67,0.73,0.63,0.64,0.7,0.39,0.45
406,0.15,0.53,0.78,1,1,1,0.59,1,1,1,1,1,1,1,1,1,0.52,0.63,0.73,0.63,0.64,0.74,0.4,0.46
407,0.15,0.53,0.79,1,1,1,0.96,1,1,1,1,1,1,1,1,1,0.52,0.63,0.72,0.62,0.75,0.69,0.41,0.47
408,0.15,0.54,0.81,1,1,1,0.58,1,1,1,1,1,1,1,1,1,0.52,0.63,0.72,0.62,0.63,0.69,0.42,0.48
409,0.15,1,1,1,1,1,0.58,1,1,1,1,1,1,1,0.99,1,0.51,0.62,0.71,0.61,0.63,0.68,0.42,0.49
410,0.15,1,1,1,1,1,0.58,1,1,1,1,1,1,1,0.98,1,0.51,0.62,0.71,0.61,1,0.8,0.43,0.5
411,0.15,0.58,0.83,1,1,1,0.97,1,1,1,1,1,1,1,0.96,1,0.51,0.61,0.71,0.6,1,0.81,0.44,0.51
412,0.15,0.58,1,1,1,1,0.58,1,1,1,1,1,1,0.99,0.95,1,0.5,0.61,0.69,0.6,1,0.83,0.45,0.52
413,0.15,1,0.84,1,1,1,0.58,1,1,1,1,0.74,0.99,0.97,0.94,1,1,0.6,0.69,0.6,0.61,0.84,0.46,0.53
414,0.15,0.6,0.85,1,1,1,0.61,0.47,1,1,1,1,0.98,0.95,0.93,1,0.5,0.6,0.68,0.59,1,0.66,0.47,0.54
415,0.15,0.61,1,1,1,1,0.58,0.47,1,1,1,0.71,0.96,0.94,0.92,0.95,0.49,0.6,0.68,0.59,0.6,0.65,0.47,0.55
416,0.15,0.63,0.88,1,1,1,0.58,1,1,1,1,0.7,0.95,0.93,0.9,0.94,0.49,0.6,0.68,0.59,0.59,0.89,0.49,0.56
417,0.15,0.64,0.88,1,1,1,0.59,0.36,1,1,1,0.69,0.93,0.91,0.89,1,0.49,0.59,0.67,0.58,0.59,0.65,0.49,0.57
418,0.15,0.65,0.88,1,1,1,0.59,1,1,1,1,0.68,0.92,0.9,0.87,1,0.49,0.59,0.67,0.58,0.59,0.65,0.5,0.58
419,0.15,0.66,0.89,1,1,1,0.59,1,1,1,1,0.67,0.91,0.89,0.86,1,0.48,0.58,0.67,0.57,0.59,0.93,0.51,0.59
420,0.15,0.67,0.9,1,1,1,0.6,1,1,1,1,0.66,0.89,0.87,0.85,0.96,0.48,0.58,0.66,0.57,0.58,0.95,0.52,0.6
421,0.15,0.67,0.91,1,1,1,0.59,0.35,1,1,1,0.65,0.88,0.86,0.83,1,1,0.57,0.66,0.57,0.58,0.96,0.53,0.61
422,0.16,0.69,0.92,1,1,1,0.61,0.34,1,1,1,0.64,0.86,0.84,0.82,0.94,1,0.57,0.64,0.56,0.57,0.98,0.54,0.62
423,0.16,0.69,0.92,0.87,1,1,0.61,0.34,1,1,1,0.63,0.85,0.83,0.8,1,0.48,0.57,0.64,0.56,0.57,0.99,0.54,0.63
424,0.16,0.71,1,1,1,1,0.61,0.33,1,1,1,0.62,0.83,0.81,0.79,0.92,1,0.56,0.64,0.56,0.57,1,0.55,0.64
425,0.16,0.71,0.94,0.89,1,1,0.59,0.33,1,1,1,0.61,0.82,0.8,0.78,1,0.46,0.56,0.63,0.55,0.57,1,0.56,0.65
426,0.16,0.73,0.95,0.9,1,1,1,0.33,1,1,1,1,0.8,0.78,0.76,1,0.46,0.56,0.63,0.55,0.56,1,0.57,0.66
427,0.16,0.73,0.96,0.9,1,1,0.59,0.33,1,1,1,1,0.79,0.77,0.75,0.26,1,0.55,0.63,0.54,0.56,1,0.58,0.67
428,0.16,0.75,0.97,0.91,1,1,0.61,0.33,1,1,1,0.57,0.77,0.75,0.73,0.26,1,0.55,0.62,0.54,0.56,1,0.59,0.68
429,0.16,0.76,0.77,0.92,1,1,0.62,0.33,1,1,1,0.56,0.76,0.74,0.72,0.26,1,0.54,0.62,0.54,0.55,1,0.59,0.69
430,0.16,0.76,0.98,0.92,1,1,0.62,0.33,1,1,1,0.55,0.75,0.73,0.71,0.26,1,0.54,0.61,0.53,0.55,1,0.61,0.7
431,0.16,0.78,0.99,0.93,1,1,0.62,0.33,1,1,1,0.54,0.73,0.72,0.7,0.36,1,0.54,0.61,0.53,0.54,1,0.61,0.71
432,0.16,0.78,1,0.94,1,1,1,0.33,1,1,1,0.53,0.72,0.7,0.68,0.35,0.44,0.53,0.7,0.53,0.54,1,0.62,0.71
433,0.16,0.79,1,0.94,1,1,0.62,0.33,1,1,0.47,0.53,0.71,0.69,0.68,0.35,1,0.53,0.7,0.52,0.64,1,0.62,0.72
434,0.16,0.79,1,0.94,1,1,0.62,0.33,1,1,0.46,0.52,0.71,0.72,0.68,0.34,0.44,0.73,0.7,0.63,0.64,0.59,0.63,0.73
435,0.16,1,1,1,1,1,0.62,0.33,1,0.4,0.47,0.52,0.71,0.69,0.75,0.34,0.44,0.73,0.7,0.63,0.65,0.57,0.63,0.75
436,0.16,0.78,1,1,1,1,1,0.33,1,0.4,0.46,0.53,0.71,0.69,0.75,0.35,0.44,0.73,0.7,0.63,0.52,1,0.62,0.73
437,0.16,0.78,1,1,1,1,0.63,0.33,1,0.4,1,0.53,0.71,0.69,0.68,0.35,0.44,0.73,0.7,0.63,0.52,1,0.63,1
438,0.16,0.78,1,1,1,1,1,0.33,1,0.4,0.47,0.53,0.71,0.69,0.52,0.35,0.44,0.73,0.7,0.63,0.52,1,0.63,1
439,0.16,0.78,1,1,1,1,0.62,0.33,1,0.4,0.47,0.53,0.71,0.69,0.75,0.35,0.44,0.73,0.7,0.63,0.52,1,0.63,0.74
440,0.16,0.78,1,1,1,1,1,0.33,1,0.4,0.47,0.53,0.71,0.69,0.76,0.35,0.45,0.73,0.7,0.63,0.52,1,0.63,0.75
441,0.16,0.78,1,1,1,1,0.62,0.33,1,0.4,0.47,0.53,0.71,0.69,0.75,0.35,0.45,0.73,0.7,0.63,0.52,1,0.62,0.72
442,0.16,1,1,1,1,1,0.63,0.33,1,0.4,1,0.53,0.71,0.69,0.52,0.8,0.45,0.73,0.7,0.63,0.51,0.57,0.62,0.72
443,0.16,1,1,1,1,1,0.62,0.33,1,0.4,1,0.53,0.71,0.69,0.52,0.8,0.45,0.73,0.7,0.63,0.52,0.56,0.62,0.71
444,0.16,1,1,1,1,1,0.62,0.34,1,0.41,1,0.53,0.71,0.69,0.51,0.91,1,0.73,0.7,0.63,0.56,0.55,0.62,0.71
445,0.16,1,1,1,1,1,0.62,1,0.68,0.41,1,0.53,0.71,0.69,0.51,0.92,0.45,0.73,0.7,0.63,0.56,0.55,0.62,0.71
446,0.16,1,1,1,1,1,0.63,0.34,0.68,0.97,1,0.53,0.71,0.69,0.52,0.92,1,0.73,0.7,0.63,0.54,0.55,0.33,0.71
447,0.16,1,1,1,1,1,0.62,0.34,0.68,0.41,1,0.53,0.71,0.69,0.67,0.84,1,0.73,0.7,0.63,1,0.55,0.33,0.71
448,0.16,1,1,1,1,1,1,0.34,0.68,0.41,1,0.53,0.71,0.69,0.51,0.92,1,0.73,0.7,0.63,1,0.55,0.33,0.72
449,0.17,1,1,1,1,1,0.63,0.34,0.68,0.41,1,0.53,0.71,0.69,0.51,0.92,0.45,0.73,0.7,0.63,0.56,0.55,0.63,0.72
450,0.17,1,1,1,1,1,0.63,0.34,0.68,0.97,1,0.53,0.71,0.69,0.51,0.92,0.45,0.73,0.7,0.63,0.56,0.55,0.33,0.72
451,0.17,1,1,1,1,1,0.63,0.34,0.68,0.41,1,0.53,0.7,0.69,0.66,0.83,0.45,0.73,0.7,0.63,0.54,0.55,0.33,0.72
452,0.17,1,1,1,1,1,1,0.34,0.68,0.97,1,0.52,0.7,0.68,0.66,0.83,0.44,0.73,0.7,0.63,0.53,0.54,0.33,0.72
453,0.17,1,1,0.75,1,1,1,0.34,0.68,0.97,1,0.52,0.69,0.67,0.66,0.82,0.45,0.53,0.7,0.63,0.51,0.54,0.92,0.73
454,0.17,0.79,0.51,0.76,1,1,1,1,0.68,0.97,1,0.52,0.69,0.67,0.65,0.82,0.45,0.59,0.7,0.63,0.5,0.54,0.93,0.73
455,0.17,0.8,0.51,1,1,1,1,1,0.67,1,1,0.51,0.69,0.66,0.64,0.78,0.61,0.55,0.7,0.63,0.64,0.54,0.93,0.73
456,0.17,0.8,1,1,1,1,1,1,0.67,1,1,0.52,0.68,0.66,0.64,0.77,0.61,0.55,0.7,0.63,0.64,0.54,0.94,0.74
457,0.17,0.8,1,1,1,1,0.64,0.5,0.67,0.96,1,1,0.68,0.65,0.63,0.26,0.6,0.55,0.7,0.63,0.64,0.53,1,0.75
458,0.17,0.81,1,1,1,1,1,0.5,0.67,0.38,1,0.5,0.67,0.64,0.62,0.76,0.6,0.61,0.7,0.63,0.64,0.68,0.67,0.75
459,0.17,0.82,1,1,1,1,1,0.5,0.66,0.38,1,0.49,0.65,0.63,0.61,0.75,0.59,0.61,0.7,0.63,0.64,0.69,0.67,0.75
460,0.17,0.82,1,1,1,1,1,0.5,1,0.38,0.44,0.49,0.65,0.62,0.6,0.75,0.59,0.61,0.7,0.63,0.64,0.7,0.67,0.76
461,0.17,0.82,1,1,1,1,1,0.5,0.66,0.38,1,0.48,0.64,0.61,0.59,0.74,0.59,1,0.7,0.63,0.64,0.72,0.68,0.76
462,0.17,0.83,1,1,1,1,1,0.5,0.65,0.95,1,0.47,0.63,0.6,0.59,0.74,0.59,1,0.7,0.63,0.64,1,0.68,0.77
463,0.17,0.84,1,1,1,1,1,0.5,0.6,1,1,0.47,0.62,0.6,0.58,0.73,1,1,0.7,0.63,0.64,0.74,0.69,0.78
464,0.17,0.84,1,1,1,1,1,0.52,0.59,1,1,0.46,0.62,0.6,0.57,0.73,1,1,0.7,0.63,0.64,0.75,0.69,0.78
465,0.17,0.84,0.99,1,1,1,1,0.5,0.59,1,0.42,0.46,0.61,0.59,0.57,0.73,1,1,0.7,0.63,0.64,1,0.7,0.78
466,0.17,0.85,1,1,1,1,1,1,0.59,0.94,0.41,0.46,0.61,0.58,0.57,0.72,1,1,0.7,0.63,0.64,1,1,0.79
467,0.17,1,1,1,1,1,1,0.51,0.58,0.94,0.41,0.45,0.6,0.58,0.56,0.72,1,1,0.7,0.63,0.64,1,0.42,0.8
468,0.17,1,1,1,1,1,0.63,0.51,0.58,0.93,0.4,0.45,0.59,0.57,0.55,0.72,1,0.56,0.7,0.63,0.64,1,0.42,0.8
469,0.17,1,1,1,1,1,0.64,0.5,0.58,1,0.4,0.44,0.59,0.56,0.54,0.71,1,1,0.7,0.63,0.64,1,0.42,0.81
470,0.17,1,1,1,1,1,0.63,1,0.58,1,0.4,0.43,0.58,0.55,0.54,0.71,1,1,0.7,0.63,0.64,1,0.43,0.82
471,0.17,1,1,1,1,1,1,1,0.58,1,0.39,0.43,0.57,0.55,0.54,0.7,1,0.67,0.7,0.63,0.64,1,0.43,0.82
472,0.17,0.89,1,1,1,1,1,0.5,0.58,1,0.39,0.42,0.56,0.54,0.54,0.6,1,0.66,0.7,0.63,0.64,1,0.43,0.83
473,0.17,0.9,1,1,1,1,1,0.51,0.58,1,0.38,0.42,0.55,0.53,0.54,0.59,1,0.66,0.7,0.63,0.64,1,0.44,0.84
474,0.17,0.9,1,1,1,1,1,0.5,0.58,0.92,0.38,0.41,0.55,0.52,0.51,0.59,1,0.65,0.7,0.63,0.64,0.53,0.44,0.84
475,0.17,0.9,1,1,1,1,1,0.51,0.57,0.92,0.37,0.41,0.54,0.52,0.5,0.58,1,0.67,0.7,0.63,0.64,0.53,0.45,0.85
476,0.17,0.91,1,1,1,1,1,0.51,0.57,1,0.37,0.4,0.53,0.51,0.5,0.58,1,0.65,0.7,0.63,0.64,0.53,0.45,0.88
477,0.18,0.91,1,1,1,1,1,0.5,0.57,1,1,0.4,0.52,0.5,0.49,0.58,1,0.65,0.7,0.63,0.64,0.53,0.31,0.86
478,0.18,0.92,1,1,1,1,1,0.5,0.57,1,1,0.4,0.52,0.49,0.48,0.58,1,0.64,0.7,0.63,0.5,0.53,0.31,0.87
479,0.18,0.93,1,1,1,1,1,1,0.57,1,1,0.39,0.52,0.49,0.48,0.66,1,0.64,0.7,0.63,0.64,0.53,1,0.88
480,0.18,0.93,1,1,1,1,1,0.32,0.57,0.43,1,0.38,0.5,0.48,0.46,0.66,1,0.65,0.61,0.63,0.64,0.55,1,0.88
481,0.18,0.94,1,1,1,1,1,0.31,0.57,0.43,1,1,0.5,0.47,0.46,0.65,1,1,0.61,0.63,0.64,0.54,0.31,0.89
482,0.18,0.95,0.61,1,1,1,1,0.31,0.56,0.43,1,0.62,0.49,0.46,0.45,0.65,1,1,0.61,0.63,0.64,0.54,1,0.39
483,0.18,0.95,0.61,1,1,1,1,0.31,0.56,0.42,1,1,0.49,0.46,0.45,0.64,1,1,0.62,0.63,0.64,0.53,1,0.91
484,0.18,0.95,0.61,1,1,1,1,0.31,0.56,0.42,1,1,0.48,0.45,0.43,0.64,1,0.57,0.62,0.63,0.64,0.54,1,0.92
485,0.18,0.96,0.61,0.59,1,1,1,0.31,0.55,0.42,1,0.61,0.47,0.45,0.43,0.63,1,0.57,0.62,0.63,0.64,0.54,1,1
486,0.18,0.97,0.62,0.59,1,1,1,0.31,0.55,0.42,0.51,0.62,0.46,0.44,0.42,0.63,1,0.58,0.63,0.53,0.5,0.54,1,1
487,0.18,0.98,0.62,0.59,1,1,1,0.3,0.55,0.42,0.5,0.6,0.45,0.43,0.41,0.62,1,0.58,0.63,0.53,0.5,0.55,1,0.58
488,0.18,0.99,0.63,0.59,1,1,1,0.3,0.55,0.42,0.5,0.6,0.44,0.42,0.41,0.61,1,0.58,0.64,0.53,0.51,0.54,1,0.59
489,0.18,1,0.63,0.6,1,1,1,0.3,0.55,0.42,0.5,0.6,0.43,0.41,0.39,0.61,1,0.59,0.69,0.54,0.51,0.54,1,0.59
490,0.18,1,0.64,0.61,1,1,1,0.3,0.54,0.42,0.49,0.59,0.42,0.4,0.38,0.6,1,0.59,0.69,0.57,0.51,0.55,1,0.6
491,0.18,1,0.65,0.61,1,1,1,0.3,0.54,0.41,0.49,0.59,0.41,0.39,0.37,0.59,1,0.6,0.71,0.55,0.52,0.55,1,0.61
492,0.18,1,0.66,0.62,1,1,1,0.3,0.54,0.41,0.49,0.59,0.4,0.38,0.36,0.58,0.96,0.6,0.67,0.55,0.52,0.55,1,0.62
493,0.18,1,0.66,0.63,1,1,1,0.29,0.54,0.41,0.49,0.59,0.39,0.37,0.35,0.58,0.96,0.61,0.67,0.55,0.53,0.56,1,0.63
494,0.18,1,0.67,0.63,1,1,1,0.29,0.53,0.4,0.49,1,0.38,0.36,0.34,0.57,1,0.61,0.68,0.56,0.53,0.56,1,0.64
495,0.18,1,0.68,0.64,1,1,1,0.29,0.53,0.4,0.48,1,1,0.8,0.32,0.56,1,0.62,0.68,0.56,0.54,0.57,1,0.65
496,0.18,1,0.69,0.65,1,1,1,0.28,0.52,0.4,0.48,1,1,0.79,0.31,0.55,1,0.63,0.69,0.57,0.54,0.57,1,0.67
497,0.18,1,0.7,0.65,1,1,1,0.28,0.52,0.39,0.48,0.57,1,1,0.3,0.54,1,0.63,0.69,0.58,0.55,0.58,1,0.67
498,0.18,1,0.71,0.66,1,1,1,0.28,0.52,0.39,0.97,1,1,0.3,0.29,0.53,1,0.64,0.69,0.58,0.55,0.58,1,0.69
499,0.18,1,1,0.67,1,1,0.36,0.27,0.51,0.39,0.96,0.56,1,0.29,0.27,0.53,0.99,1,0.71,0.59,0.56,0.59,1,0.7
500,0.18,1,1,1,1,1,0.53,0.27,0.51,0.38,0.96,1,1,0.27,0.26,0.52,0.98,1,0.72,0.59,0.57,0.59,1,0.72
501,0.18,1,1,0.69,1,1,0.53,0.27,0.51,0.38,0.96,0.46,1,0.27,0.24,0.51,0.96,1,0.73,0.6,0.57,0.6,1,0.42
502,0.18,1,1,1,1,1,0.54,0.26,0.5,0.38,0.95,0.45,1,0.25,0.23,0.5,1,1,0.74,0.6,0.58,0.61,1,0.42
503,0.18,1,1,1,1,1,0.54,0.26,0.49,0.38,0.95,0.44,1,0.27,0.22,0.49,0.93,1,0.74,0.61,0.58,0.61,1,1
504,0.19,1,1,1,1,1,0.35,0.26,0.49,0.37,0.94,0.45,1,1,0.21,0.48,0.91,1,0.75,0.62,0.59,0.62,1,0.43
505,0.19,1,1,1,1,1,1,0.25,0.47,0.37,0.94,0.43,1,0.71,0.2,0.48,0.9,0.68,1,0.63,0.6,0.63,1,1
506,0.19,1,1,1,1,1,0.34,0.25,0.46,0.37,0.94,1,1,1,0.18,0.47,0.88,1,0.77,0.63,0.6,0.64,1,1
507,0.19,1,1,1,1,1,0.53,0.25,0.45,0.36,0.93,1,1,1,0.17,0.46,0.86,1,0.78,0.64,0.61,0.65,1,1
508,0.19,1,1,1,0.47,1,0.33,0.24,0.45,0.36,0.93,1,0.18,0.17,0.15,0.45,0.85,1,0.78,0.64,0.62,0.65,1,1
509,0.19,1,1,1,1,1,1,0.24,0.44,0.35,0.92,1,0.16,0.16,0.14,0.44,0.83,1,0.79,0.65,0.62,0.66,1,0.46
510,0.19,1,1,1,1,1,1,0.24,0.43,0.33,1,1,0.15,0.13,0.13,0.43,0.81,1,0.8,0.66,0.63,0.67,1,1
511,0.19,1,1,1,1,1,1,0.23,0.43,0.33,0.92,1,0.14,0.12,0.11,0.43,0.8,1,0.8,0.67,0.64,0.67,1,1
512,0.19,1,1,1,1,1,1,0.23,0.42,0.32,0.39,1,1,0.1,0.1,0.42,0.79,0.74,0.81,0.67,0.65,0.67,1,0.88
513,0.19,1,1,1,1,1,0.3,0.21,0.42,0.32,0.91,1,0.1,0.09,0.08,0.41,0.77,0.99,0.83,0.68,0.65,0.68,1,0.88
514,0.19,1,1,1,1,0.65,1,0.2,0.42,0.32,1,1,0.08,0.07,0.07,1,0.75,0.99,0.83,0.69,0.66,0.69,1,0.47
515,0.19,1,1,1,1,1,1,0.2,0.41,0.31,0.38,1,0.08,0.07,0.06,1,0.74,0.95,0.84,0.69,0.67,0.69,1,0.48
516,0.19,1,1,1,1,0.7,1,0.2,0.4,0.31,1,1,0.07,0.05,0.05,0.39,0.72,0.77,0.85,0.7,0.67,0.7,1,0.48
517,0.19,1,1,1,1,1,0.26,0.19,0.4,0.31,0.38,0.76,0.05,0.04,0.03,0.37,0.71,0.92,0.85,0.71,0.68,0.71,1,0.48
518,0.19,1,1,1,1,1,0.25,0.19,0.4,0.31,0.37,0.75,0.04,0.02,0.02,0.36,0.96,0.78,0.86,0.71,0.68,0.71,1,0.49
519,0.19,1,1,1,1,1,0.25,0.19,0.39,0.31,0.89,1,0.02,0.01,0.01,0.36,0.96,0.79,0.86,0.72,0.69,0.72,1,0.49
520,0.19,0.56,1,1,1,1,0.25,0.19,0.39,0.3,0.89,1,0.02,0,0.01,0.35,0.97,0.79,0.88,0.72,0.69,0.72,0.42,0.5
521,0.19,0.56,1,1,1,1,0.25,0.19,0.39,0.31,1,1,0.02,0.01,0.01,0.35,0.98,0.87,0.88,0.72,0.69,0.71,1,0.49
522,0.19,0.55,1,1,1,1,0.25,0.19,0.4,0.32,0.89,1,0.02,0.01,0.01,0.35,0.67,0.87,0.86,0.72,0.69,0.71,1,0.49
523,0.19,0.55,1,1,1,1,0.25,0.19,0.4,0.31,0.89,1,0.02,0.01,0.01,0.35,0.97,1,0.86,0.72,0.69,0.71,1,0.48
524,0.19,0.55,1,1,1,1,0.25,0.2,0.4,0.31,0.89,1,0.02,0.01,0.01,0.35,0.97,0.87,0.86,0.72,0.69,0.71,1,0.48
525,0.19,0.56,1,1,1,1,0.26,0.19,0.4,0.32,0.89,1,0.02,0.01,0.01,0.35,0.97,0.86,0.86,0.72,0.69,0.71,1,0.48
526,0.19,0.55,1,1,1,0.82,0.26,0.19,0.4,0.32,0.89,1,0.02,0.01,0.01,0.35,0.96,0.86,0.86,0.72,0.68,0.71,1,0.49
527,0.19,0.55,1,1,1,1,0.26,0.2,0.4,0.32,0.88,1,0.02,0.01,0.01,0.35,0.67,0.86,0.86,0.72,0.68,0.71,1,0.51
528,0.19,0.54,1,1,1,1,1,0.2,0.4,0.32,0.88,0.74,0.02,0.01,0.01,0.35,1,0.85,0.88,0.72,0.68,0.71,1,0.49
529,0.19,0.54,1,1,1,1,1,0.2,0.4,0.31,0.37,1,0.02,0.01,0.01,0.35,1,0.86,0.88,0.72,0.68,0.71,1,1
530,0.19,0.54,1,1,1,1,1,1,0.4,0.31,0.37,1,0.02,0.01,0.01,0.35,1,0.85,0.89,0.72,0.68,0.72,0.42,1
531,0.2,0.54,1,1,1,1,1,1,0.4,0.31,0.37,1,1,0.01,0.01,0.35,0.66,0.85,0.9,0.72,0.68,0.71,0.41,1
532,0.2,0.54,1,1,1,1,1,0.2,0.41,0.31,0.37,1,1,0.04,0.01,0.35,1,0.85,1,0.73,0.68,0.7,0.4,0.5
533,0.2,1,1,1,1,1,1,1,0.45,0.31,0.37,1,1,0.04,0.01,0.35,1,0.86,1,1,0.68,0.7,0.4,0.47
534,0.2,1,1,1,1,1,1,1,0.41,0.31,0.37,1,1,0.04,0.02,0.34,0.65,0.85,1,1,0.68,0.7,0.39,0.46
535,0.2,1,1,1,1,1,1,0.2,0.41,0.31,0.37,0.45,1,0.58,0.01,0.34,0.65,0.84,1,1,0.68,0.69,0.39,0.46
536,0.2,1,1,1,1,1,1,1,0.41,0.31,0.37,0.45,1,1,0.01,0.34,0.65,0.84,1,0.72,0.68,0.69,0.39,0.46
537,0.2,0.52,0.34,1,1,1,1,1,0.41,0.31,0.39,1,1,0.01,0.01,0.34,0.65,1,1,0.72,0.68,0.69,0.39,0.46
538,0.2,0.52,0.88,1,1,1,1,1,0.42,0.31,0.37,1,0.62,0.03,0.01,0.34,0.65,1,1,0.72,0.68,0.69,0.39,0.46
539,0.2,1,0.88,1,1,1,1,1,0.42,0.31,0.37,1,1,1,0.01,0.34,0.64,1,1,0.72,0.68,0.69,0.38,0.45
540,0.2,0.51,0.87,1,1,1,1,1,0.42,0.31,0.37,1,0.05,1,0.01,0.34,0.64,0.84,0.9,0.73,0.68,0.69,0.39,0.46
541,0.2,0.52,0.34,1,1,1,1,1,0.43,0.31,0.37,0.45,0.05,1,0.01,0.34,0.64,0.85,0.9,0.74,0.68,0.69,0.38,0.45
542,0.2,0.5,0.87,1,1,1,1,1,1,0.31,0.37,0.44,1,1,0.01,0.34,0.64,0.82,0.91,0.86,0.69,0.68,0.38,0.44
543,0.2,0.49,0.88,1,1,1,1,1,0.42,0.32,0.37,0.44,0.62,1,1,0.34,0.64,0.81,0.96,1,0.72,0.68,0.38,0.44
544,0.2,0.49,0.63,1,1,1,1,1,0.43,0.31,0.37,0.44,0.62,1,1,0.35,0.63,0.82,0.95,1,1,0.69,0.38,0.44
545,0.2,0.49,0.63,1,1,1,1,1,0.43,0.31,0.37,0.44,1,0.02,1,0.35,0.63,0.81,0.95,1,0.69,0.68,0.38,0.44
546,0.2,0.49,0.32,1,1,1,1,1,0.43,0.32,0.37,0.45,0.62,0.03,1,0.34,0.63,0.8,0.95,0.84,0.86,0.68,0.38,0.43
547,0.2,0.48,0.32,0.82,0.98,1,1,1,0.44,0.32,0.37,0.46,1,1,1,0.34,0.63,0.8,0.95,1,0.86,0.68,0.37,0.43
548,0.2,1,0.32,0.82,0.97,1,1,1,0.44,0.32,0.37,0.45,1,1,1,0.34,0.63,0.79,0.95,1,0.86,0.68,0.37,0.43
549,0.2,0.48,0.32,0.82,0.97,1,1,1,1,1,0.38,0.45,1,0.63,1,0.34,0.63,0.8,1,1,0.85,0.68,0.37,0.43
550,0.2,0.47,0.33,0.82,0.98,1,1,1,1,1,0.38,0.45,0.62,0.97,1,0.34,0.62,0.79,0.94,1,0.71,0.68,0.37,0.42
551,0.2,0.47,0.31,0.82,0.98,1,1,1,1,1,0.42,0.45,0.62,1,1,0.35,0.63,0.79,0.91,0.81,0.81,0.69,0.37,0.42
552,0.2,0.48,0.31,0.82,0.98,1,1,1,0.45,1,0.43,0.45,0.62,0.62,1,1,0.63,0.78,0.91,0.8,0.8,0.69,0.38,0.42
553,0.2,0.48,0.31,0.59,0.98,1,1,1,0.45,1,0.38,0.45,0.62,1,1,1,0.62,0.78,0.91,0.79,0.8,0.68,0.37,0.42
554,0.2,0.46,0.3,0.58,0.99,1,1,1,0.45,1,0.38,0.45,0.62,1,1,1,0.62,0.77,0.91,0.78,0.71,0.69,0.37,0.42
555,0.2,0.46,0.3,0.29,0.84,1,1,1,0.46,1,0.38,0.45,0.62,1,1,1,0.62,0.77,0.9,0.78,0.79,0.69,0.37,0.42
556,0.2,0.46,0.3,0.59,0.62,0.9,1,1,0.46,1,0.39,0.45,0.64,1,1,1,0.62,0.77,0.9,0.78,0.78,0.69,0.37,0.42
557,0.2,0.47,0.3,0.59,0.62,1,1,1,0.45,1,0.38,0.45,0.63,1,1,1,0.62,0.77,0.9,0.78,0.78,0.69,0.38,0.42
558,0.21,0.47,0.31,0.59,0.62,1,1,1,0.45,1,0.38,0.44,0.61,1,1,1,0.62,0.77,0.9,0.78,0.72,0.7,0.38,0.42
559,0.21,0.47,0.31,0.59,0.99,1,1,1,0.44,1,0.37,0.43,0.6,1,1,1,0.61,0.76,0.89,0.79,0.74,0.71,0.38,0.43
560,0.21,0.48,0.31,0.6,1,1,1,1,0.43,1,0.37,0.43,0.6,1,1,1,0.61,0.76,0.89,1,0.78,0.72,0.39,0.44
561,0.21,0.49,0.32,0.6,1,1,1,1,0.43,1,0.36,0.42,0.59,1,1,1,0.6,0.75,0.88,1,1,0.74,0.4,0.45
562,0.21,0.5,0.33,0.61,0.64,1,1,1,0.42,1,0.36,0.41,0.59,1,1,1,0.6,0.75,0.86,0.76,1,0.76,0.41,0.46
563,0.21,0.51,0.33,0.33,0.65,1,1,1,0.41,1,0.36,0.41,0.58,1,1,1,0.6,0.74,0.86,0.75,1,0.77,0.42,0.47
564,0.21,0.52,0.34,0.62,0.65,1,1,1,1,1,0.34,0.4,0.55,1,1,1,0.6,0.73,0.85,0.75,1,0.79,0.42,0.48
565,0.21,0.54,0.34,0.63,0.66,1,1,1,1,1,0.41,0.38,0.55,1,1,1,0.59,0.73,0.84,1,0.75,0.8,0.43,0.49
566,0.21,0.54,0.35,0.35,0.67,1,1,1,1,1,0.32,0.38,0.53,0.68,1,1,0.58,0.72,0.84,0.73,0.73,0.82,0.45,0.5
567,0.21,0.56,0.36,0.63,1,1,1,1,0.37,1,0.32,0.37,1,1,0.9,1,0.57,0.71,0.83,0.73,0.72,0.84,0.45,0.51
568,0.21,0.57,0.37,0.36,0.68,1,1,1,0.36,1,0.39,0.36,1,1,0.9,1,0.57,0.71,0.81,0.71,0.72,0.86,0.46,0.52
569,0.21,0.58,0.38,0.65,1,1,1,1,1,1,0.38,0.34,0.49,1,1,1,0.56,0.7,0.8,0.7,0.71,0.88,0.47,0.54
570,0.21,0.6,0.38,0.66,0.7,1,1,1,1,1,0.37,0.33,0.49,1,1,1,0.55,0.68,0.8,0.7,0.7,0.9,0.49,0.55
571,0.21,0.6,0.39,0.66,0.7,1,1,1,1,1,0.37,0.33,0.46,1,1,1,0.55,0.67,0.79,1,0.69,0.92,0.5,0.56
572,0.21,0.62,0.4,0.67,0.71,1,1,1,1,1,0.37,0.32,0.46,1,1,1,0.54,0.67,0.78,0.68,0.69,0.94,0.51,0.58
573,0.21,1,0.41,0.68,0.72,1,1,1,1,1,0.38,0.3,0.44,1,1,1,0.54,0.66,0.78,0.68,1,0.95,0.52,0.59
574,0.21,0.66,0.42,0.69,0.72,1,1,1,1,1,0.36,0.29,0.42,1,1,1,0.53,0.65,0.77,0.67,0.67,0.97,0.53,0.59
575,0.21,0.67,0.43,0.7,0.73,1,1,1,1,1,1,0.28,0.39,1,1,1,0.53,0.65,0.75,0.66,0.67,1,0.54,0.61
576,0.21,1,1,0.7,0.74,1,1,1,1,1,1,0.27,0.39,1,1,1,0.52,0.64,0.75,0.66,0.66,1,0.55,0.62
577,0.21,0.7,1,0.71,0.75,1,1,1,1,1,1,0.26,0.39,1,1,1,0.52,0.63,0.74,0.65,0.65,1,0.56,0.63
578,0.21,0.74,1,0.72,0.75,1,1,1,1,1,1,0.25,0.36,1,1,1,0.51,0.63,0.73,0.64,0.65,1,0.58,0.65
579,0.21,0.71,1,0.93,0.76,1,1,1,1,1,1,0.24,0.34,1,1,1,0.5,0.62,0.73,0.64,0.64,1,0.58,0.66
580,0.21,1,0.47,0.94,0.77,1,1,1,1,1,0.29,0.23,0.32,1,1,1,0.49,0.61,0.72,0.63,0.63,1,0.6,0.67
581,0.21,1,1,0.94,0.78,1,1,1,1,1,1,0.21,0.31,1,1,1,0.49,0.61,0.71,0.62,0.63,1,0.61,0.69
582,0.21,0.78,1,0.95,0.78,1,1,1,1,1,1,0.2,0.77,1,1,1,0.49,0.6,0.69,0.61,0.62,1,0.62,0.7
583,0.21,0.78,1,0.96,0.79,1,1,1,1,1,0.29,0.19,0.28,1,1,1,0.48,0.59,0.69,0.61,0.61,1,0.63,0.71
584,0.21,0.8,1,0.96,0.8,1,1,1,1,1,1,0.18,0.26,1,1,1,0.48,0.58,0.68,0.6,0.6,1,0.64,0.73
585,0.21,1,0.63,0.97,0.81,1,1,1,1,1,1,0.17,0.25,1,1,1,0.47,0.58,0.68,0.59,0.6,1,0.65,0.74
586,0.22,0.88,0.63,0.98,0.81,1,1,1,0.16,1,1,0.16,0.23,1,1,1,0.46,0.57,0.67,0.59,0.59,1,0.66,0.75
587,0.22,0.98,0.64,0.98,0.82,1,1,1,1,1,1,0.15,0.21,1,1,1,0.46,0.56,0.66,0.58,0.58,1,0.67,0.76
588,0.22,0.89,0.65,0.99,0.83,1,1,1,1,1,1,0.14,0.65,1,1,1,0.45,0.56,0.66,0.58,0.58,1,0.69,0.77
589,0.22,0.9,0.55,0.52,0.83,1,1,1,1,1,0.43,0.13,0.2,1,1,1,0.44,0.55,0.64,0.57,0.57,1,0.69,0.78
590,0.22,1,1,1,0.84,1,1,1,1,1,1,0.12,0.18,1,1,0.76,0.44,0.55,0.63,0.57,0.57,1,0.7,0.8
591,0.22,0.93,1,1,0.85,1,1,1,0.11,1,1,0.11,0.16,1,1,1,0.44,0.54,0.63,0.56,0.56,1,0.71,0.81
592,0.22,0.88,0.68,1,0.86,1,1,0.83,0.1,1,1,0.1,0.15,1,1,1,0.44,0.53,0.62,0.55,0.56,1,0.73,0.82
593,0.22,0.91,1,1,0.86,1,1,0.82,0.08,1,1,0.09,0.14,1,1,1,0.43,0.73,0.62,0.54,0.55,1,0.73,0.83
594,0.22,0.91,1,1,0.88,1,1,0.82,0.07,1,0.37,0.08,0.12,1,1,0.31,0.42,0.73,0.7,0.53,0.54,1,0.74,0.84
595,0.22,0.92,1,1,0.88,1,1,0.82,0.06,1,1,0.07,0.1,1,1,0.3,0,0.73,0.7,0.53,0.53,1,0.75,0.86
596,0.22,0.94,1,1,0.89,1,1,0.82,0.05,1,0.04,0.06,0.08,1,1,0.28,0,0.73,0.7,0.53,0.53,1,0.77,0.87
597,0.22,0.95,1,1,0.89,1,1,0.82,0.04,1,1,0.05,0.07,1,1,0.28,0,0.73,0.7,0.63,0.52,1,0.78,0.88
598,0.22,0.96,1,0.59,0.33,1,1,0.82,0.03,1,0.03,0.04,0.06,1,1,0.27,0,0.73,0.7,0.53,0.51,1,0.79,0.89
599,0.22,0.98,0.71,1,0.91,1,1,0.82,0.02,1,1,0.03,0.05,1,1,0.26,0,0.73,0.7,0.63,0.51,1,0.79,0.9
600,0.22,0.98,0.64,0.67,0.34,1,1,0.82,0.02,1,1,0.02,0.04,1,1,0.26,0,0.73,0.7,1,0.5,1,0.8,0.91
601,0.22,0.98,0.63,0.66,0.91,1,1,1,1,1,1,0.02,0.03,1,1,1,0,0.73,0.7,0.63,0.64,1,0.8,0.91
602,0.22,0.98,0.63,0.59,0.91,1,1,1,1,1,1,0.02,0.04,1,1,1,0,0.73,0.7,0.63,0.64,1,0.8,0.91
603,0.22,0.98,0.63,0.59,0.91,1,1,1,1,1,1,0.03,0.04,1,1,1,0,0.73,0.7,0.63,0.64,1,0.8,0.9
604,0.22,0.97,0.63,0.59,0.91,1,1,1,1,1,1,0.03,0.04,1,1,1,0,0.73,0.7,0.63,0.64,1,0.8,0.9
605,0.22,0.97,0.62,0.59,0.91,1,1,1,1,1,1,0.03,0.04,1,1,1,0,0.73,0.7,0.63,0.64,1,0.8,0.9
606,0.22,0.96,1,0.59,0.91,0.83,1,1,1,1,1,0.03,0.04,1,1,1,0,0.73,0.7,0.63,0.64,1,0.81,0.9
607,0.22,0.96,0.69,0.58,0.91,1,1,1,1,1,1,0.03,0.03,1,1,1,0,0.73,0.7,0.63,0.64,0.86,0.81,0.9
608,0.22,0.96,0.69,0.58,0.91,1,1,1,1,1,1,1,0.03,0.06,1,0.23,0,0.73,0.7,0.63,0.64,0.85,0.81,0.9
609,0.22,0.96,0.69,0.58,0.91,1,1,1,1,1,0.37,1,0.04,0.05,0.17,0.23,0.48,0.73,0.7,0.63,0.64,0.83,0.81,0.9
610,0.22,0.96,0.69,0.58,0.91,1,1,1,1,1,1,1,0.03,0.05,0.17,0.23,0.48,0.73,0.7,0.63,0.64,0.83,0.81,0.9
611,0.22,0.96,0.69,0.58,0.91,1,1,1,1,1,1,1,0.03,0.05,0.17,0.23,0.44,0.73,0.7,0.63,0.64,0.83,0.81,0.9
612,0.22,0.96,0.62,0.58,0.91,0.83,1,1,1,1,1,0.03,0.04,0.05,0.17,0.23,1,0.73,0.7,0.63,0.64,0.83,0.81,0.91
613,0.23,0.95,0.62,0.58,0.91,1,1,1,1,1,1,1,0.04,0.05,0.17,0.23,1,0.73,0.7,0.63,0.64,0.83,0.81,0.91
614,0.23,0.95,0.62,0.58,0.91,1,1,1,1,1,1,0.03,0.03,0.05,0.17,0.23,1,0.73,0.7,0.63,0.64,0.82,0.81,0.91
615,0.23,0.95,0.63,0.58,0.91,0.83,1,1,1,1,1,0.03,0.03,0.05,0.17,0.23,0.51,0.73,0.7,0.63,0.64,0.82,0.81,0.91
616,0.23,0.95,0.63,0.58,0.91,0.83,1,1,1,1,1,0.03,0.03,0.05,1,0.23,0.48,0.73,0.7,0.63,1,0.82,0.81,0.91
617,0.23,0.95,0.61,0.58,0.91,0.83,1,1,1,1,1,0.03,0.03,0.05,1,1,0.48,0.73,0.7,0.63,1,0.82,0.84,0.91
618,0.23,0.95,0.61,0.58,0.91,0.83,1,1,1,1,1,0.03,0.03,0.05,1,1,0.49,0.73,0.7,0.63,1,0.82,0.84,0.91
619,0.23,0.95,0.61,0.58,0.91,1,1,1,1,1,1,0.03,0.03,0.05,1,1,0.47,0.73,0.7,0.63,1,0.54,0.87,0.91
620,0.23,0.95,0.61,0.58,0.91,1,1,0.96,1,1,1,0.03,0.03,0.05,1,1,0,0.73,0.7,0.63,0.64,0.54,0.87,0.91
621,0.23,0.95,0.61,0.58,0.92,1,1,0.96,1,1,1,0.03,0.03,1,1,1,0,0.73,0.7,0.63,0.64,0.82,0.82,0.93
622,0.23,0.95,0.61,0.87,0.92,0.84,1,0.96,1,1,1,0.03,0.03,1,1,1,0,0.73,0.7,0.63,0.64,0,0.82,0.91
623,0.23,0.97,0.61,1,0.92,0.83,1,0.96,1,0.03,1,0.03,0.03,0.05,1,1,0,0.73,0.7,0.63,0.64,0,0.82,0.91
624,0.23,0.95,0.61,0.58,0.33,0.83,1,0.96,1,1,1,1,0.04,0.04,1,1,0,0.73,0.7,0.63,0.64,0,0.82,0.91
625,0.23,0.95,0.61,0.57,0.32,0.83,1,0.96,1,1,1,1,0.04,0.04,1,1,0,0.73,0.7,0.63,0.64,0,0.82,0.91
626,0.23,0.95,0.6,0.57,0.32,0.83,0.87,0.96,1,1,1,1,0.04,0.04,1,1,0,0.56,0.7,0.63,0.64,0,0.45,0.91
627,0.23,0.95,0.6,0.57,0.31,0.83,1,0.96,1,1,1,1,0.05,0.04,1,1,1,0.73,0.7,0.63,0.64,0,0.45,0.93
628,0.23,0.95,0.6,0.57,0.31,0.83,0.86,0.96,1,1,1,1,0.05,0.04,0.06,0.45,1,0.58,0.7,0.63,0.64,1,0.45,0.92
629,0.23,0.95,0.6,0.58,0.31,0.83,0.86,0.97,1,1,1,0.05,0.04,0.04,0.06,0.45,1,0.73,0.7,0.63,0.64,1,0.45,0.92
630,0.23,0.95,0.6,0.57,0.31,0.83,1,0.97,1,1,1,1,0.05,0.04,0.06,1,1,0.73,0.7,0.63,0.64,1,0.45,0.92
631,0.23,0.95,0.6,0.57,0.31,0.83,1,0.97,1,1,1,1,0.05,0.04,0.05,1,1,0.57,0.7,0.63,0.64,0,0,0.92
632,0.23,0.95,0.6,0.57,0.93,0.83,1,0.97,1,1,1,1,0.05,0.04,1,1,1,0.57,0.7,0.63,0.64,0,0,0.92
633,0.23,0.95,0.6,0.57,1,0.2,0.87,0.98,1,1,1,1,0.05,0.04,0.06,1,1,0.73,0.7,0.63,0.64,0,0,0.93
634,0.23,0.95,0.6,0.57,1,0.83,0.86,0.7,1,1,1,1,0.05,0.04,0.05,1,1,0.73,0.7,0.63,0.64,0,0,0.93
635,0.23,0.95,0.6,0.56,1,0.84,0.87,0.97,1,1,1,1,0.2,0.06,0.05,1,0.83,0.73,0.7,0.63,0.64,0,0,0.5
636,0.23,0.95,0.6,0.56,0.39,1,0.87,0.97,1,1,1,1,0.19,0.04,0.05,1,0.85,0.73,0.7,0.63,0.64,0,1,0.5
637,0.23,0.96,0.6,0.56,0.31,0.18,0.87,0.97,1,1,1,1,0.19,1,0.05,0.39,0.82,0.73,0.7,0.63,0.64,0,1,0.5
638,0.23,0.95,0.6,0.56,0.29,0.17,0.87,0.97,1,1,1,1,0.2,0.04,0.04,1,0.82,0.73,0.7,0.63,0.64,0,0.9,0.5
639,0.23,0.36,0.6,0.56,0.29,0.17,0.87,0.69,1,1,1,1,1,0.04,0.04,0.38,0.82,1,0.7,0.63,0.64,0,1,0
640,0.24,0.36,0.6,0.57,0.37,0.85,0.87,0.69,1,1,1,1,0.06,0.05,0.04,0.38,0.82,1,0.63,0.63,0.64,0,1,0
641,0.24,0.35,0.6,0.56,0.38,1,0.87,0.69,1,1,1,1,1,1,0.04,1,1,1,0.7,0.63,0.64,0,0.89,0
642,0.24,0.34,0.6,0.56,0.31,0.2,0.87,0.69,1,1,1,1,1,1,0.04,1,1,1,0.62,0.63,0.64,0,0,0
643,0.24,0.8,0.6,0.56,0.29,0.85,0.2,0.69,1,1,1,1,1,0.16,0.04,0.9,1,1,0.7,1,0.64,0,0,0
644,0.24,0.8,0.6,0.56,0.29,0.26,0.88,0.69,1,1,1,1,1,0.18,0.06,0.37,1,1,0.7,1,0.64,0,0,0
645,0.24,0.8,0.6,0.56,0.29,0.26,0.2,0.7,1,1,1,1,1,1,1,0.37,1,1,0.7,0.63,0.64,0,0,0
646,0.24,0.98,0.61,0.56,0.29,0.17,0.19,0.7,1,1,1,1,1,1,0.04,0.37,0.7,1,0.7,0.63,0.64,0,0,0
647,0.24,0.8,0.6,0.56,0.29,0.16,0.19,0.7,1,1,1,1,1,0.06,0.04,0.37,1,1,0.7,0.63,0.64,0,0,0
648,0.24,0.8,0.6,0.56,0.29,0.17,0.19,0.7,1,1,1,1,1,1,0.04,0.37,0.7,1,1,0.63,0.64,0,0,0
649,0.24,0.8,0.61,0.56,0.29,0.16,0.19,0.7,1,1,1,1,1,1,1,0.37,1,1,1,0.53,0.64,0,0,0
650,0.24,0.8,0,0.56,0.29,0.24,0.19,0.7,1,1,1,1,0.09,1,1,0.37,1,1,1,0.63,0.64,0,0,0
651,0.24,0.8,0.61,0.56,0.29,0.24,0.19,0.71,1,1,1,1,1,1,1,0.37,0.69,1,1,1,0.64,0,0,0
652,0.24,0.8,0.61,0.56,0.29,0.17,0.29,0.71,1,1,1,1,1,1,1,0.37,0.68,1,1,1,0.64,0,0,0
653,0.24,0.8,0.61,0.57,0.29,0.16,0.27,0.72,1,0.82,1,1,1,1,1,0.37,0.68,1,1,1,0.64,0,0,0
654,0.24,0.53,0.62,0.57,0.29,0.16,0.29,0.97,1,0.82,1,1,1,1,1,0.41,0.66,0.87,1,1,0.64,0,0,0
655,0.24,0.8,0.62,0.57,0.29,0.16,0.19,1,1,0.82,1,1,1,1,1,0.36,0.66,0.86,1,0.63,0.64,0,0,0
656,0.24,0.8,0.63,0.57,0.29,0.16,0.19,0.16,1,0.82,1,1,1,1,1,0.36,0.65,0.86,1,1,0.64,0,0,0
657,0.24,0.8,0,0.57,0.29,0.16,0.19,0.72,1,1,1,1,1,1,1,0.36,0.67,1,1,1,0.64,0,0,0
658,0.24,0.8,0,0.57,0.29,0.16,0.18,0.72,1,1,1,1,1,1,1,0.36,0.66,1,1,1,0.64,0,0,0
659,0.24,0.8,0,0.57,0.29,0.16,0.19,0.72,1,1,1,1,1,1,1,0.37,0.66,1,1,1,0.64,0,0,0
660,0.24,0.8,0,0.57,0.29,0.16,0.19,1,1,1,1,1,1,1,1,0.36,0.66,1,1,1,0.64,0,0,0
661,0.24,0.8,0,0.57,0.29,0.16,0.19,1,1,1,1,1,1,1,1,0.37,0.66,0.86,1,1,0.64,0,0,0
662,0.24,0.8,0,0.57,0.29,0.21,0.19,0.73,1,1,1,1,1,1,1,0.37,0.66,0.86,1,1,0.64,0,0,0
663,0.24,0.8,0,0.57,0.29,0.17,0.19,0.73,1,1,1,1,1,1,1,0.37,0.66,1,1,1,0.64,0,0,0
664,0.24,0.8,0,0.57,0.29,0.17,0.19,1,1,1,1,1,1,1,1,0.37,0.66,1,1,1,0.64,0,0,0
665,0.24,0.8,0,0.57,0.29,0.16,0.26,1,0.39,1,1,1,1,1,1,0.37,0.66,1,1,1,0.64,0,0,0
666,0.24,0.8,0,0.8,0.29,0.17,0.26,1,0.38,0.82,0.95,1,1,1,1,0.38,0.66,1,1,0.97,1,0,0,0
667,0.25,0.8,0,0.57,0.3,0.16,0.2,0.16,0.39,0.82,0.95,1,1,1,1,1,0.66,1,1,0.96,0.64,0,0,0
668,0.25,0.8,0,0.58,0.3,0.16,0.19,1,0.39,0.82,0.95,1,1,1,1,1,0.67,1,1,0.96,0.64,0,0,0
669,0.25,0.8,0,0.58,0.31,0.16,0.18,0.16,0.37,0.82,0.95,1,1,1,1,1,0.68,0.84,1,0.95,0.64,0,0,0
670,0.25,0.8,0,0.58,0.31,0.16,0.19,0.16,0.37,0.82,0.95,1,1,1,1,1,0.82,0.83,1,0.95,0.64,0,0,0
671,0.25,0.8,0,0.58,0.31,0.16,0.19,0.16,0.37,0.82,0.95,1,1,1,1,1,0.68,0.84,1,0.95,0.64,0,0,0
672,0.25,0.8,0,0.58,0.31,0.16,0.18,0.16,0.37,0.82,0.95,1,1,1,1,1,0.68,0.84,1,0.95,0.64,0,0,0
673,0.25,0.8,0,0.58,0.31,0.16,0.18,0.16,0.37,0.82,0.95,1,1,1,1,1,0.68,0.84,1,0.95,0.64,0,0,0
674,0.25,0.8,0,0.58,0.31,0.16,0.19,0.16,0.37,0.82,0.95,1,1,1,1,1,0.68,0.84,1,0.95,0.64,0,0,0
675,0.25,0.8,0,0.61,0.31,0.16,0.18,0.16,0.37,0.82,0.95,1,1,1,1,1,0.68,0.84,1,0.95,0.64,0,0,0
676,0.25,0.8,0,0.61,0.31,0.16,0.18,0.15,0.37,0.82,0.95,1,1,1,1,1,0.67,0.83,1,0.95,0.64,0,0,0
677,0.25,0.8,0,0.59,0.31,0.16,0.19,0.16,0.37,0.82,0.95,1,1,1,1,1,0.66,0.82,0.97,0.95,0.64,0,0,0
678,0.25,0.8,0,0.59,0.31,0.17,0.19,0.15,0.37,0.82,0.94,1,1,1,1,1,0.66,0.82,0.97,0.95,0.64,0,0,0
679,0.25,0.8,0,0.6,0.31,0.17,0.19,0.15,0.37,0.82,0.94,1,1,1,1,1,0.65,0.81,0.96,0.95,0.64,0,0,0
680,0.25,0.8,0,0.61,0.32,0.17,0.19,0.15,0.37,0.81,0.94,1,1,1,1,1,0.65,0.81,0.95,0.95,0.64,0,0,0
681,0.25,0.8,0,0.61,0.32,0.17,0.19,0.16,0.37,0.81,1,1,1,1,1,1,0.65,0.81,0.94,0.96,0.64,0,0,0
682,0.25,0.8,0,0.61,0.32,0.17,0.19,0.16,0.37,0.81,1,1,1,1,1,1,0.65,0.8,0.94,0.96,0.64,0,0,0
683,0.25,0.8,0,0.61,0.32,0.18,0.2,0.16,0.38,0.81,1,1,1,1,1,1,0.65,0.8,0.94,0.96,0.64,0,0,0
684,0.25,0.8,0,0.61,0.32,0.18,0.2,0.16,0.38,0.8,1,1,1,1,1,1,0.64,0.79,0.92,1,1,0,0,0
685,0.25,0.8,0,0.62,0.32,0.18,0.2,0.16,0.39,0.8,1,1,1,1,1,1,0.64,0.79,0.92,1,1,0,0,0
686,0.25,0.8,0,0.6,0.33,0.18,0.2,0.17,0.39,0.8,0.94,1,1,1,1,1,0.64,0.78,0.91,1,1,0,0,0
687,0.25,0.8,0.22,0.63,0.33,0.19,0.2,0.17,0.39,0.8,0.92,1,1,1,1,1,0.63,0.78,0.91,1,1,0.58,0,0
688,0.25,0.8,0.22,0.61,0.33,0.19,0.21,0.17,0.39,0.8,0.92,1,1,1,1,1,0.63,0.77,0.91,1,1,0,0,0
689,0.25,0.8,0.23,0.61,0.33,0.2,0.21,0.18,0.4,0.79,0.92,1,1,1,1,1,0.62,0.77,0.9,1,1,0,0,0
690,0.25,0.35,0.66,0.23,0.34,0.2,0.21,0.26,0.4,0.79,1,1,1,1,1,1,0.62,0.76,0.9,1,1,0.53,0,0
691,0.25,0.36,0.67,0.24,0.34,0.2,0.22,0.26,0.4,0.78,0.91,1,1,1,1,1,0.61,0.76,0.89,1,1,0.55,0.29,0
692,0.25,0.37,0.67,0.25,0.34,0.2,0.22,1,0.4,0.78,0.9,1,1,1,1,1,0.61,0.75,0.88,1,0.98,0.56,0.3,0.33
693,0.25,0.38,0.25,0.25,0.35,0.21,0.22,0.27,0.41,0.77,0.89,1,1,1,1,1,0.6,0.75,0.88,1,0.98,0.58,0.31,0.35
694,0.25,0.39,0.68,0.62,0.35,0.21,0.23,1,0.42,0.77,0.88,1,1,1,1,1,0.6,0.74,0.86,1,0.97,0.6,0.32,0.36
695,0.26,0.41,0.68,0.62,0.36,0.22,0.23,0.29,0.42,0.77,0.88,1,1,1,1,1,0.6,0.74,0.86,1,0.98,0.62,0.33,0.37
696,0.26,0.45,0.69,0.63,0.37,0.23,0.25,1,0.43,0.75,0.86,1,1,1,1,1,0.59,0.72,0.86,1,0.72,0.67,0.36,0.41
697,0.26,0.46,0.69,0.63,0.37,0.23,0.25,1,0.43,0.74,0.85,1,1,1,1,0.43,0.58,0.71,0.84,1,0.71,0.69,0.37,0.42
698,0.26,0.47,0.31,0.64,0.37,0.23,0.25,1,0.43,0.73,0.85,1,1,1,1,0.43,0.58,0.71,0.84,1,1,0.71,0.38,0.43
699,0.26,0.48,0.32,0.64,0.38,0.24,0.26,1,0.44,0.73,0.85,1,1,1,1,1,0.57,0.7,0.83,0.74,0.76,0.74,0.39,0.44
700,0.26,0.5,0.32,0.64,0.38,0.24,0.26,1,0.45,0.73,0.84,1,1,1,1,1,0.57,0.68,0.83,0.73,0.78,0.76,0.41,0.46
701,0.26,0.51,0.7,0.65,0.38,0.24,0.27,1,0.45,0.72,0.84,1,1,1,1,1,0.56,0.68,0.8,0.73,1,0.78,0.42,0.47
702,0.26,0.52,0.34,0.66,0.39,0.25,0.27,1,0.45,0.71,1,1,1,1,1,1,0.64,0.67,0.79,0.73,1,0.8,0.43,0.48
703,0.26,0.54,0.8,0.72,0.39,0.26,0.27,0.23,0.46,0.71,1,1,1,1,1,1,0.55,0.67,0.79,0.73,1,0.82,0.44,0.5
704,0.26,0.55,0.71,0.66,0.39,0.26,0.28,1,0.46,0.7,1,1,1,1,1,1,0.59,0.66,0.77,0.74,0.85,0.84,0.45,0.51
705,0.26,0.56,0.37,0.66,0.4,0.26,0.28,1,0.47,0.7,1,1,1,1,1,1,0.57,0.65,0.77,0.74,0.87,0.85,0.46,0.52
706,0.26,0.58,0.38,0.66,0.4,0.27,0.28,1,0.47,0.69,1,1,1,1,1,1,0.57,0.66,0.75,0.75,1,0.87,0.47,0.53
707,0.26,0.59,0.38,0.67,0.4,0.27,0.29,1,0.48,0.7,1,1,1,1,1,1,0.56,0.7,0.74,1,1,0.89,0.48,0.54
708,0.26,0.6,0.39,0.67,0.41,0.27,0.29,0.24,0.48,0.93,1,1,1,1,1,1,0.55,0.68,0.74,1,1,0.91,0.49,0.56
709,0.26,0.63,0.4,0.67,0.41,0.28,0.29,1,1,0.67,1,1,1,1,1,1,0.55,0.67,0.74,1,1,0.93,0.5,0.57
710,0.26,0.63,0.41,0.68,0.41,0.28,0.3,1,1,0.67,1,1,1,1,1,1,0.54,0.66,0.73,1,1,0.95,0.51,0.58
711,0.26,0.65,0.41,0.68,0.42,0.28,0.3,1,1,0.66,1,1,1,1,1,1,0.54,0.66,0.73,1,1,0.97,0.53,0.59
712,0.26,1,0.42,0.68,0.42,0.29,0.3,1,1,0.66,1,1,1,1,1,1,0.54,0.65,0.72,1,1,0.99,0.54,0.61
713,0.26,1,0.43,0.68,0.42,0.29,0.31,1,0.51,0.66,1,1,1,1,1,1,0.53,0.65,0.72,0.66,1,1,0.55,0.62
714,0.26,0.7,0.44,0.68,0.43,0.29,0.53,1,1,0.65,0.96,1,1,1,1,1,0.53,0.64,0.72,1,0.66,1,0.56,0.63
715,0.26,0.71,0.45,0.68,0.43,0.3,0.33,1,1,0.65,1,1,1,1,1,1,0.52,0.64,0.72,0.65,0.65,1,0.57,0.64
716,0.26,1,0.46,0.7,0.44,0.3,0.55,1,0.52,0.88,0.94,1,1,1,1,1,0.52,0.63,0.72,1,0.66,1,0.58,0.65
717,0.26,1,0.75,0.7,0.44,0.3,0.33,1,0.52,0.88,1,0.85,1,1,1,1,0.51,0.62,0.74,0.65,0.64,1,0.59,0.67
718,0.26,1,0.47,0.82,0.44,0.31,0.34,1,0.52,0.87,1,0.84,1,1,1,1,0.5,0.62,0.73,1,0.64,1,0.6,0.68
719,0.26,1,0.91,0.82,0.44,0.31,0.34,1,0.52,0.87,1,0.83,1,1,1,1,0.5,0.61,0.72,0.63,0.63,1,0.61,0.69
720,0.26,1,0.91,0.83,0.45,0.32,0.34,1,0.53,0.86,0.99,1,1,1,1,1,0.49,0.61,0.71,0.63,0.63,1,0.62,0.7
721,0.26,0.77,0.92,0.84,0.45,0.32,0.34,1,0.54,0.86,0.99,1,1,1,1,1,0.49,0.6,0.73,1,0.62,1,0.63,0.71
722,0.27,0.8,0.93,0.84,0.45,0.32,0.34,0.4,0.54,0.85,0.88,1,1,1,1,1,0.49,0.59,0.69,0.61,0.61,1,0.65,0.73
723,0.27,0.8,0.67,0.85,0.46,0.33,0.35,0.4,0.54,0.84,0.88,1,1,1,1,1,0.48,0.59,0.69,0.61,0.61,1,0.65,0.74
724,0.27,0.81,0.68,0.86,0.46,0.33,0.35,0.4,0.55,0.84,0.97,1,1,1,1,1,0.47,0.58,0.68,0.6,0.6,1,0.66,0.75
725,0.27,0.82,0.69,0.51,0.46,0.34,0.35,0.39,0.55,0.84,0.71,0.99,1,1,1,1,0.47,0.58,0.67,0.6,0.6,1,0.67,0.76
726,0.27,0.84,0.7,0.72,0.47,0.34,0.36,0.4,0.55,0.83,0.85,0.98,1,1,1,1,0.46,0.57,0.67,0.59,0.59,1,0.69,0.78
727,0.27,0.99,0.96,0.72,0.47,0.34,0.36,0.4,0.56,0.82,0.67,0.97,1,1,1,1,0.46,0.56,0.66,0.59,0.58,1,0.7,0.79
728,0.27,1,0.55,0.72,0.48,0.35,0.37,0.4,0.57,0.82,0.66,0.95,1,1,1,1,0.45,0.56,0.64,1,0.58,1,0.71,0.8
729,0.27,0.87,0.56,0.72,0.48,0.35,0.38,0.4,0.57,0.81,0.66,0.94,1,1,1,1,0.45,0.55,0.64,0.65,0.57,1,0.73,0.82
730,0.27,0.89,0.57,0.73,0.48,0.35,0.38,1,0.57,0.81,0.65,0.93,1,1,1,1,0.44,0.54,0.63,0.57,0.57,1,0.74,0.82
731,0.27,0.9,0.79,0.73,0.49,0.36,0.38,1,0.58,0.66,0.8,0.92,1,1,1,1,0.44,0.54,0.63,0.63,0.56,1,0.81,0.84
732,0.27,0.91,0.8,0.92,0.49,0.36,0.39,1,0.58,0.8,0.79,0.91,1,1,1,1,1,0.53,0.64,1,0.55,1,0.77,0.85
733,0.27,0.93,0.6,0.74,0.5,0.37,0.39,1,0.59,0.65,0.78,0.9,1,1,1,1,1,0.73,0.61,0.55,0.54,1,0.77,0.86
734,0.27,0.95,0.6,0.94,0.5,0.37,0.39,1,0.59,0.64,0.77,0.89,1,1,1,1,1,0.73,0.7,0.61,0.54,1,0.77,0.88
735,0.27,0.98,0.61,0.95,0.5,0.38,0.4,1,0.59,0.64,0.76,0.88,1,1,1,1,1,1,0.7,0.6,0.53,1,0.78,0.89
736,0.27,0.96,0.81,0.59,0.51,0.38,0.4,1,0.6,0.56,0.75,0.87,1,1,1,1,1,1,0.7,0.53,0.52,1,0.79,0.9
737,0.27,0.98,0.81,0.96,0.51,0.39,0.4,1,0.61,0.54,0.74,0.86,1,1,1,1,1,1,0.7,0.57,0.52,1,0.8,0.91
738,0.27,0.99,1,0.97,0.51,0.39,0.41,1,0.61,0.52,0.73,0.85,1,1,1,0.87,1,1,0.7,0.6,0.51,1,0.81,0.92
739,0.27,1,0.81,0.98,0.52,0.39,0.41,1,0.62,0.62,0.72,0.84,1,1,1,0.86,1,1,0.7,0.56,0.5,1,0.82,0.93
740,0.27,1,0.65,0.98,0.52,0.4,0.42,1,0.62,0.51,0.72,0.82,1,1,1,0.85,1,1,0.7,0.57,0.7,1,0.83,0.95
741,0.27,1,0.66,0.76,0.52,0.4,0.43,1,0.62,0.51,0.71,0.82,1,1,1,1,1,1,0.7,0.63,0.71,1,0.85,0.96
742,0.27,1,0.66,0.77,0.53,0.4,0.43,1,0.63,0.76,0.7,0.81,1,1,1,1,1,1,0.7,0.55,0.64,1,0.85,0.97
743,0.27,1,0.67,0.77,0.53,0.41,0.43,1,0.63,1,0.69,0.8,1,1,1,1,1,1,0.7,0.53,0.66,1,0.86,0.98
744,0.27,1,0.68,0.64,0.53,0.41,0.43,1,0.71,1,0.68,0.79,1,1,1,1,1,1,0.7,0.52,0.68,1,0.87,0.99
745,0.27,1,0.68,0.65,0.54,0.41,0.44,1,0.71,1,0.68,0.79,1,1,1,1,1,1,0.7,0.52,0.69,1,0.87,0.99
746,0.27,1,0.69,0.65,0.54,0.42,0.44,1,0.64,0.75,0.67,0.77,1,1,1,0.85,1,1,1,0.54,0.67,1,0.89,1
747,0.27,1,0.69,0.66,0.54,0.42,0.44,1,0.7,0.67,0.67,0.77,1,1,1,0.85,1,1,1,0.63,1,1,0.89,1
748,0.27,1,1,1,0.54,0.42,0.44,1,0.65,0.74,0.66,0.76,1,1,1,1,1,1,1,0.63,0.66,1,0.9,1
749,0.28,1,1,1,0.55,0.42,0.45,1,0.7,0.73,0.65,0.76,1,1,1,1,1,1,1,0.63,0.67,1,0.9,1
750,0.28,1,0.71,1,0.55,0.42,0.45,1,0.65,0.73,0.65,0.75,1,1,1,0.83,1,1,1,0.63,0.63,1,0.91,1
751,0.28,1,1,1,0.55,0.43,0.45,1,0.65,0.73,0.64,0.75,1,1,1,0.83,1,1,1,0.63,0.63,1,0.91,1
752,0.28,1,0.76,1,0.55,0.43,0.45,1,0.69,0.73,0.64,0.74,1,1,1,1,1,1,1,0.63,0.64,1,0.92,1
753,0.28,1,0.77,1,0.56,0.44,0.45,1,0.66,0.73,0.64,0.73,1,1,1,1,1,1,1,0.63,0.57,1,0.93,1
754,0.28,1,0.77,1,0.56,0.44,0.46,1,0.66,0.73,0.63,0.73,1,1,1,0.83,1,1,1,0.63,0.57,1,0.93,1
755,0.28,1,0.89,1,0.56,0.44,0.47,1,0.68,0.66,0.63,0.72,1,1,1,0.83,1,1,1,0.63,0.56,1,0.94,1
756,0.28,1,1,1,0.56,0.44,0.48,1,0.69,0.72,0.62,0.72,0.99,1,1,0.81,1,1,1,1,0.57,1,0.94,1
757,0.28,1,1,1,0.56,0.44,0.48,1,0.67,0.72,0.62,0.72,0.99,0.96,1,0.81,1,1,1,1,0.6,0.86,0.94,1
758,0.28,1,1,1,0.57,0.44,0.48,1,0.67,0.72,0.62,0.71,0.97,0.96,1,0.81,1,1,1,1,0.54,0.84,0.95,1
759,0.28,1,0.75,1,0.57,0.45,0.48,1,0.88,0.72,0.62,0.71,0.96,0.94,1,0.83,1,1,1,1,0.56,0.81,0.95,1
760,0.28,1,0.75,1,0.57,0.45,0.47,0.38,0.67,1,0.61,0.71,0.96,0.94,1,1,1,1,1,1,0.58,0.82,0.96,1
761,0.28,1,0.76,1,0.57,0.45,0.47,0.38,0.67,1,0.73,0.7,0.95,0.93,1,1,1,1,1,1,1,0.72,0.97,1
762,0.28,1,1,1,0.58,0.46,0.48,0.38,0.67,0.56,0.6,0.69,0.94,0.92,1,1,1,1,1,1,0.52,0.74,0.98,1
763,0.28,1,0.76,0.71,0.58,0.46,0.48,0.38,0.67,0.55,0.72,0.69,0.93,0.91,1,0.93,1,1,1,1,0.64,0.74,0.99,1
764,0.28,1,0.75,0.72,0.59,0.46,0.48,0.39,0.67,0.52,0.71,0.68,0.92,0.9,1,0.92,1,1,1,1,0.64,0.75,1,1
765,0.28,1,0.76,0.72,1,0.47,0.48,0.39,0.95,0.51,0.71,0.69,0.91,0.89,0.86,1,1,1,1,1,1,0.63,1,1
766,0.28,1,0.76,0.72,1,1,0.48,0.39,0.7,0.54,0.7,0.68,0.9,0.88,0.85,1,1,1,1,1,1,0.63,1,1
767,0.28,1,0.77,0.73,1,1,0.48,0.39,0.94,0.51,0.7,0.66,0.89,0.86,0.85,1,1,1,1,1,1,0.65,0.52,1
768,0.28,1,0.78,0.73,1,0.48,0.49,0.4,0.68,0.53,0.69,0.65,0.87,0.92,0.82,0.89,1,1,1,1,1,0.61,0.51,1
769,0.28,1,0.78,0.74,1,0.49,0.49,0.4,0.7,0.52,0.68,0.64,0.86,0.91,0.82,0.89,1,1,1,1,1,0.62,0.52,1
770,0.28,1,0.79,0.75,1,0.49,0.49,0.4,0.7,0.48,0.68,0.63,0.85,0.83,0.8,0.93,1,1,1,1,1,0.62,0.51,1
771,0.28,1,0.8,0.75,1,0.49,0.49,0.39,0.68,0.47,0.67,0.62,0.84,0.82,0.79,0.92,1,1,1,1,1,0.6,0.52,1
772,0.28,1,0.81,0.76,1,0.48,0.49,0.4,0.64,0.46,0.66,0.61,0.82,0.8,0.78,0.92,1,1,1,1,1,0.59,0.49,1
773,0.28,1,0.81,0.77,1,0.48,0.49,0.4,0.63,0.52,0.66,0.6,0.81,0.79,0.77,0.91,1,1,1,1,1,0.6,0.5,1
774,0.28,1,0.82,0.78,1,0.48,0.5,0.4,0.68,0.51,0.65,0.6,0.8,0.78,0.75,0.85,1,1,1,1,1,0.61,0.55,1
775,0.28,1,0.83,0.78,1,0.49,0.5,0.4,0.68,0.51,0.64,0.59,0.79,0.77,0.75,0.9,1,1,1,1,1,0.6,0.57,1
776,0.28,1,1,0.79,0.61,0.48,0.5,0.4,0.67,0.56,0.64,0.59,0.77,0.75,0.73,1,1,1,1,1,1,0.61,1,1
777,0.29,1,1,0.8,0.61,0.48,0.5,0.41,0.67,0.55,0.56,0.56,0.75,0.74,0.73,1,1,1,1,1,1,0.62,1,1
778,0.29,1,1,0.81,0.61,0.48,0.5,0.41,0.65,0.54,0.48,0.55,0.75,0.73,0.72,1,1,1,1,1,1,0.63,1,1
779,0.29,1,1,0.81,0.61,0.48,0.5,0.41,0.65,0.53,0.47,0.54,0.73,0.72,1,1,1,1,1,1,1,0.64,1,1
780,0.29,1,0.88,0.82,0.61,0.48,0.51,0.41,0.55,0.53,0.46,0.53,0.72,0.72,1,0.75,1,1,1,1,1,0.65,1,1
781,0.29,1,0.88,1,0.61,0.48,0.52,1,0.54,0.52,0.45,0.52,0.72,0.71,1,0.74,1,1,1,1,1,0.76,1,1
782,0.29,1,0.9,0.83,0.61,0.49,0.52,1,0.52,0.52,0.44,0.51,0.71,0.91,1,0.74,1,1,1,1,1,0.74,1,1
783,0.29,1,1,0.83,0.61,0.49,0.52,0.42,0.52,0.38,0.43,0.51,0.69,0.91,1,0.73,1,1,1,1,1,0.78,0.85,1
784,0.29,1,0.9,1,0.61,0.49,0.52,0.42,0.51,0.37,0.43,0.5,0.69,0.89,1,0.73,1,1,1,1,1,0.79,0.85,1
785,0.29,1,0.91,1,0.62,0.49,0.52,0.42,0.5,0.44,0.42,0.49,0.68,0.89,1,0.71,1,1,1,1,1,0.86,1,1
786,0.29,1,0.91,0.91,0.61,0.49,0.52,0.35,0.68,0.42,0.44,0.49,0.67,0.66,1,0.71,1,1,1,1,1,0.93,1,1
787,0.29,1,1,0.83,0.62,0.5,0.53,0.35,0.67,0.43,0.41,0.47,0.66,0.87,1,0.72,1,1,1,1,1,0.95,1,1
788,0.29,1,1,0.82,0.62,0.51,0.53,0.35,0.66,0.35,0.4,0.47,0.65,0.86,1,0.66,1,1,1,1,0.72,1,1,1
789,0.29,1,1,0.82,0.62,0.51,0.53,0.27,0.66,0.34,0.39,0.46,0.88,1,1,0.66,1,1,1,1,0.71,1,1,1
790,0.29,1,1,0.83,0.62,0.52,0.45,0.3,0.45,0.33,0.39,0.47,0.87,0.66,1,0.62,1,1,1,1,0.72,1,1,1
791,0.29,1,0.95,1,0.62,0.51,0.44,0.3,0.44,0.33,0.38,0.46,0.63,1,1,0.62,1,1,1,1,0.72,1,1,1
792,0.29,1,0.96,0.83,0.62,0.52,0.43,0.35,0.43,0.32,0.37,0.45,0.63,1,1,0.65,1,1,1,1,0.73,1,1,1
793,0.29,1,0.9,0.83,0.63,0.52,0.38,0.37,0.43,0.32,0.37,0.44,0.84,1,0.53,0.64,1,1,1,1,0.8,1,1,1
794,0.29,1,0.9,0.83,0.63,0.53,0.38,0.21,0.52,0.31,0.36,0.44,0.51,1,0.53,0.61,1,1,1,1,0.85,1,1,1
795,0.29,1,0.9,0.84,0.64,0.71,0.38,0.21,0.41,0.31,0.36,0.43,0.5,0.73,0.52,0.6,1,1,1,1,1,1,1,1
796,0.29,1,0.91,0.84,0.65,0.57,0.38,0.36,0.4,0.3,0.35,0.45,1,0.44,0.48,0.6,1,1,1,1,1,1,1,1
797,0.29,1,0.91,0.84,0.67,0.63,0.47,0.19,0.39,0.29,0.35,0.44,0.99,0.43,0.4,0.59,1,1,1,1,1,1,1,1
798,0.29,1,0.91,0.85,0.66,0.42,0.47,0.28,0.39,0.28,0.34,0.58,0.98,0.41,0.38,0.59,1,1,1,1,1,1,1,1
799,0.29,1,1,0.85,0.66,0.42,0.45,0.18,0.37,0.28,0.34,0.56,0.97,0.41,0.38,0.58,1,1,1,1,1,1,1,1
800,0.29,1,1,0.86,0.67,0.41,0.45,0.26,0.37,0.28,0.33,0.55,0.95,0.4,0.41,0.58,1,1,1,1,1,1,1,1
801,0.29,1,0.93,0.86,0.69,0.42,0.46,0.16,0.37,0.27,0.33,0.55,0.95,0.47,0.36,0.57,1,1,1,1,1,1,1,1
802,0.29,1,0.94,0.87,0.69,0.36,0.34,0.16,0.35,0.27,0.33,0.54,0.66,0.42,0.35,0.57,1,1,1,1,1,1,1,1
803,0.29,1,0.94,0.88,0.66,0.44,0.34,0.26,0.34,0.26,0.32,0.53,0.64,0.41,0.34,0.56,1,1,1,1,1,1,1,1
804,0.3,1,0.94,1,0.55,0.45,0.2,0.15,0.33,0.26,0.39,0.66,0.38,0.35,0.33,1,1,1,1,1,1,1,1,1
805,0.3,1,0.95,0.9,0.55,0.45,0.19,0.14,0.33,0.28,0.4,0.66,0.62,0.34,0.31,0.56,1,1,1,1,1,1,1,1
806,0.3,1,0.96,1,0.56,0.33,0.19,0.13,0.33,0.25,0.43,0.38,0.89,0.32,0.31,0.55,1,1,1,0.89,1,1,1,1
807,0.3,1,0.96,0.9,0.56,0.32,0.31,0.13,0.32,0.25,0.31,0.64,0.89,0.32,0.29,0.54,1,1,1,1,1,1,1,1
808,0.3,1,0.97,0.9,0.56,0.44,0.33,0.13,0.32,0.24,0.3,0.38,0.42,0.33,0.29,0.53,1,1,1,0.9,1,1,1,1
809,0.3,1,0.97,0.91,0.56,0.44,0.25,1,0.32,0.24,0.3,0.38,0.39,0.32,0.28,0.53,1,1,1,1,1,1,1,1
810,0.3,1,0.98,0.92,0.49,0.45,0.25,1,0.31,0.24,0.4,0.37,0.38,0.3,0.27,0.53,0.99,1,1,1,1,1,1,1
811,0.3,1,0.98,0.92,0.57,0.45,0.25,0.13,0.3,0.24,0.4,0.37,0.29,0.27,0.26,0.52,0.97,1,1,0.85,1,1,1,1
812,0.3,1,0.99,0.93,0.58,0.32,0.34,0.12,0.3,0.25,0.3,0.6,0.28,0.26,0.25,0.52,1,1,1,0.85,1,1,1,1
813,0.3,1,1,0.8,0.59,0.32,0.16,0.11,0.3,0.24,0.39,0.4,0.26,0.25,0.24,1,1,1,1,0.85,1,1,1,1
814,0.3,1,1,0.8,0.58,0.32,0.26,0.11,0.3,0.32,0.38,0.38,0.25,0.24,0.23,1,1,1,1,0.86,1,1,1,1
815,0.3,1,1,0.81,0.58,0.33,0.15,0.11,0.3,0.31,0.49,0.38,0.24,0.23,0.22,1,1,1,1,0.86,1,1,1,1
816,0.3,1,1,0.81,0.46,0.33,0.14,0.1,0.3,0.31,0.48,0.36,0.22,0.21,0.21,1,1,1,1,0.86,1,1,1,1
817,0.3,1,1,0.82,0.46,0.33,0.14,0.1,0.3,0.31,0.47,0.56,0.21,0.2,0.21,1,1,1,1,0.86,1,1,1,1
818,0.3,1,1,0.82,0.47,0.33,0.13,0.1,0.3,0.3,0.46,0.56,0.19,0.19,0.2,1,1,1,1,0.85,1,1,1,1
819,0.3,1,1,0.82,0.47,0.34,0.13,0.1,0.29,0.29,0.46,0.55,0.18,0.18,0.17,1,1,1,1,0.82,1,1,1,1
820,0.3,1,1,0.82,0.48,0.34,0.13,0.09,0.29,0.29,0.45,0.55,0.17,0.16,0.16,1,1,1,1,0.81,1,1,1,1
821,0.3,1,1,0.83,0.61,0.34,0.13,0.09,0.29,0.28,0.44,0.54,0.15,0.15,0.15,1,1,1,1,0.82,1,1,1,1
822,0.3,1,1,0.82,0.62,0.35,0.13,0.09,0.29,0.28,0.43,0.53,0.14,0.13,0.2,1,1,1,1,0.81,1,1,1,1
823,0.3,1,1,0.83,0.62,0.35,0.12,0.09,0.28,0.28,0.43,0.51,0.12,0.12,0.14,1,1,1,1,0.82,1,1,1,1
824,0.3,1,1,0.8,0.63,0.33,0.12,0.09,0.28,0.27,0.42,0.5,0.11,0.1,0.11,1,1,1,1,0.82,1,1,1,1
825,0.3,1,1,0.81,0.63,0.36,0.12,0.09,0.27,0.27,0.42,0.5,0.09,0.09,0.1,1,0.74,1,1,0.82,1,1,1,1
826,0.3,1,1,0.82,0.64,0.34,0.12,0.09,0.27,0.26,0.41,0.49,0.08,0.07,0.08,1,0.85,1,1,0.84,1,1,1,1
827,0.3,1,1,0.82,0.27,0.34,0.12,0.09,0.27,0.26,0.4,0.48,0.06,0.06,0.07,1,0.84,1,1,0.84,1,1,1,1
828,0.3,1,1,0.86,0.51,0.38,0.11,0.08,0.27,0.34,0.39,0.47,0.05,0.04,0.06,1,1,0.99,1,0.84,1,1,1,1
829,0.3,1,1,0.86,0.51,0.39,0.11,0.08,0.27,0.33,0.39,0.46,0.03,0.03,0.06,1,0.75,0.98,1,0.85,1,1,1,1
830,0.3,1,0.94,0.86,0.52,0.29,0.11,0.08,0.27,0.28,0.38,1,0.02,0.01,0.03,0.37,1,0.97,1,0.85,0.83,1,1,1
831,0.31,1,1,0.87,0.52,0.3,0.11,0.08,0.26,0.27,0.38,0.48,0.01,0.01,0.02,0.37,0.75,0.97,1,0.85,0.83,1,1,1
832,0.31,1,1,0.87,0.52,0.4,0.11,0.08,0.26,0.32,0.38,0.45,0.01,0.01,0.02,1,0.78,0.91,1,0.86,0.83,1,1,1
833,0.31,1,1,0.87,0.67,0.4,0.11,0.08,0.26,0.25,0.38,0.45,0.01,0.01,0.03,1,0.77,0.91,1,0.87,0.82,1,1,1
834,0.31,1,1,0.87,0.67,0.4,0.11,0.08,0.26,0.24,0.38,0.46,0.01,0.01,0.02,1,0.78,0.93,1,0.87,0.82,1,1,1
835,0.31,1,1,0.87,0.67,0.4,0.12,0.08,0.26,0.24,0.38,0.46,0.02,0.01,0.02,0.37,0.77,0.91,1,0.88,0.82,1,1,1
836,0.31,1,1,0.87,0.67,0.4,0.16,0.08,0.26,0.24,0.38,0.48,0.02,0.01,0.02,0.37,0.77,0.91,1,0.89,0.82,1,1,1
837,0.31,1,1,0.87,0.67,0.4,0.12,0.08,0.26,0.25,0.38,0.5,0.02,0.01,0.02,0.38,0.77,0.93,1,0.87,0.82,1,1,1
838,0.31,1,1,0.87,0.67,0.4,0.16,0.09,0.26,0.21,0.38,0.23,0.02,0.01,0.02,0.36,0.77,0.93,1,0.86,0.82,1,1,1
839,0.31,1,1,0.87,0.67,0.4,0.15,0.09,0.26,0.21,0.38,0.23,0.02,0.01,0.02,1,0.77,0.91,1,0.86,0.82,1,1,1
840,0.31,1,1,0.87,0.67,0.4,0.16,0.09,0.26,0.21,0.38,0.23,0.02,0.01,0.02,0.37,0.77,0.91,1,0.86,0.82,1,1,1
841,0.31,1,1,1,0.53,0.4,0.43,0.09,0.26,0.21,0.38,0.23,0.02,0.01,0.02,0.37,0.77,0.92,1,0.85,0.82,0.87,1,1
842,0.31,1,1,1,0.53,0.4,0.42,0.09,0.26,0.21,0.38,0.23,0.02,0.01,0.02,0.38,0.77,0.9,1,0.85,0.81,0.86,1,1
843,0.31,1,1,0.98,0.53,0.4,0.42,0.09,0.26,0.21,0.38,0.22,0.08,0.03,0.01,1,0.77,0.9,1,0.85,0.81,0.86,1,1
844,0.31,1,1,1,0.53,0.4,0.42,0.09,0.26,0.21,0.38,0.23,0.09,0.02,0.01,0.36,0.77,0.9,1,0.85,0.81,0.86,1,1
845,0.31,1,1,0.92,0.53,0.4,0.43,0.09,0.26,0.21,0.26,0.23,0.09,0.02,0.01,0.36,0.69,0.9,1,0.85,0.81,0.85,1,1
846,0.31,1,1,1,0.88,0.4,0.26,0.09,0.26,0.21,0.38,0.23,0.09,0.01,0.01,0.36,0.77,0.88,1,0.85,0.81,0.85,1,1
847,0.31,1,1,1,0.64,0.4,0.32,0.09,0.26,0.21,0.3,0.23,0.09,0.01,0.01,0.36,0.69,0.93,1,0.85,0.81,0.85,1,1
848,0.31,1,1,1,0.65,0.4,0.26,0.09,0.26,0.21,0.3,0.23,0.1,0.01,0.01,0.36,0.68,0.96,1,0.85,0.81,0.84,1,1
849,0.31,1,1,1,0.64,0.41,0.31,0.09,0.27,0.22,0.38,0.45,0.03,0.01,0.01,0.36,0.68,1,1,0.95,0.81,1,1,1
850,0.31,1,1,1,0.64,0.57,0.31,0.09,0.27,0.21,0.31,0.46,0.03,0.01,0.01,0.35,0.7,0.95,1,0.94,0.81,0.86,1,1
851,0.31,1,1,1,0.66,0.57,0.42,0.09,0.27,0.21,0.26,0.45,0.05,0.04,0.01,0.35,1,0.95,1,0.94,0.81,0.84,1,1
852,0.31,1,1,1,0.69,0.57,0.31,1,0.27,0.21,0.26,0.45,0.63,0.04,0.01,0.35,1,0.95,1,0.94,0.83,0.83,1,1
853,0.31,1,1,1,0.69,0.57,0.32,1,0.27,0.21,0.26,0.45,0.63,0.04,0.01,0.35,0.68,0.95,1,0.93,0.82,0.83,1,1
854,0.31,1,1,1,0.69,0.42,0.33,0.22,0.27,0.21,0.26,0.46,0.32,0.1,0.01,0.35,0.66,0.95,1,1,0.81,0.83,0.46,1
855,0.31,1,1,1,0.7,0.42,0.43,1,0.29,0.21,0.26,0.46,0.31,0.1,0.02,0.35,0.66,0.86,1,0.94,0.81,0.82,0.46,1
856,0.31,1,1,1,0.75,0.42,0.43,0.34,0.28,0.21,0.26,0.46,0.31,0.1,0.03,0.35,0.65,0.95,1,1,0.8,0.82,0.46,1
857,0.31,1,1,1,0.93,0.42,0.43,0.34,0.28,0.21,0.31,0.45,0.31,0.1,0.01,0.35,0.65,1,1,0.92,0.8,0.82,1,1
858,0.32,1,1,1,0.93,0.42,0.43,0.26,0.28,0.21,0.26,0.39,0.31,0.03,0.01,0.35,0.65,1,1,0.92,0.8,0.82,1,1
859,0.32,1,1,1,0.93,0.58,0.43,0.34,0.29,0.21,0.26,0.4,0.32,0.62,0.01,0.35,0.65,1,1,0.86,0.9,0.82,0.45,1
860,0.32,1,1,1,0.93,0.59,0.18,0.34,0.29,0.21,0.26,0.37,0.62,0.64,0.02,0.35,0.65,1,1,0.91,0.89,0.82,0.45,1
861,0.32,1,1,1,0.93,0.59,0.44,0.34,0.29,0.21,0.26,0.46,0.62,0.63,0.05,0.35,0.65,0.85,1,0.9,0.89,0.82,0.45,0.53
862,0.32,1,1,1,0.93,0.59,0.6,0.35,0.3,0.22,0.26,0.32,0.62,0.62,0.04,0.35,0.65,0.82,1,0.9,0.88,0.83,0.45,0.52
863,0.32,1,1,1,0.93,0.59,0.61,0.12,0.45,0.22,0.26,0.32,0.62,0.47,0.1,0.35,0.65,0.82,1,0.9,0.89,0.82,0.45,0.52
864,0.32,1,1,1,0.93,0.84,0.61,0.35,0.3,0.23,0.26,0.32,0.45,0.31,0.1,0.35,0.64,0.82,0.97,0.9,0.88,0.82,0.45,0.52
865,0.32,1,1,1,0.93,0.84,0.45,0.35,0.3,0.23,0.26,0.32,0.62,0.31,0.1,0.36,0.64,0.81,0.96,0.9,1,0.82,0.45,0.52
866,0.32,1,1,1,0.93,0.84,0.62,0.35,0.3,0.22,0.26,0.32,0.45,0.31,0.61,0.35,0.64,0.81,0.96,0.9,0.87,0.82,0.45,0.52
867,0.32,1,1,1,0.93,0.85,0.62,0.35,0.3,0.22,0.26,0.34,0.62,0.31,0.6,0.35,0.64,0.81,0.96,0.9,0.85,0.82,0.45,0.52
868,0.32,1,1,1,0.93,0.82,0.62,0.48,0.31,0.23,0.26,0.33,0.54,0.32,0.59,0.35,0.64,0.8,0.95,1,0.86,0.82,0.45,0.51
869,0.32,1,1,1,0.94,0.85,0.62,0.49,0.51,0.23,0.26,0.32,0.53,0.61,0.6,0.35,0.63,0.8,0.96,0.9,0.83,0.85,0.45,0.51
870,0.32,1,1,1,0.94,0.84,0.53,0.49,0.62,0.23,0.27,0.32,0.45,0.61,0.59,0.35,0.63,0.79,0.94,0.9,0.86,0.85,0.45,0.5
871,0.32,1,1,1,0.94,0.84,0.54,0.49,0.62,0.26,0.27,0.32,0.45,0.6,0.59,0.38,0.64,0.79,0.92,0.89,0.82,0.85,0.46,0.5
872,0.32,1,1,1,0.94,0.84,0.52,0.5,0.62,0.48,0.28,0.32,0.45,0.6,0.59,0.36,0.64,0.79,0.92,0.89,0.81,0.82,0.45,0.5
873,0.32,0.55,1,1,0.95,0.84,0.54,0.52,0.62,0.48,0.27,0.32,0.44,0.6,0.59,0.39,0.64,0.79,0.92,0.89,0.81,0.82,0.45,0.5
874,0.32,0.54,1,1,0.96,0.84,0.61,0.67,0.32,0.37,0.27,0.32,0.44,0.6,0.29,0.4,0.72,0.78,0.92,0.81,0.85,0.83,0.45,0.5
875,0.32,0.54,1,1,0.95,0.84,0.59,0.5,0.32,1,0.27,0.32,0.44,0.6,0.29,0.77,0.63,0.78,0.91,0.8,0.84,0.83,0.45,0.5
876,0.32,0.54,1,1,0.95,0.85,0.63,0.5,0.32,0.24,0.27,0.32,0.46,0.6,0.29,0.4,0.63,0.78,0.91,0.79,0.85,0.83,0.45,0.5
877,0.32,0.56,1,1,0.95,0.85,0.63,0.5,0.33,1,0.27,0.32,0.45,0.61,0.58,0.73,0.63,0.78,0.9,1,0.79,0.83,0.45,0.5
878,0.32,0.55,1,1,1,0.85,0.62,0.5,0.33,0.48,0.27,0.32,0.45,0.6,0.58,0.73,0.63,0.78,0.9,1,0.79,0.83,0.49,0.5
879,0.32,0.54,1,1,1,0.85,0.63,0.5,0.33,0.47,0.28,0.32,0.44,0.48,0.58,1,0.63,0.78,0.9,1,0.78,0.82,0.49,0.5
880,0.32,0.54,1,1,0.96,0.85,0.53,0.5,0.33,0.47,0.27,0.32,0.45,0.48,0.58,0.73,0.63,0.78,0.9,1,0.78,0.82,0.5,0.5
881,0.32,0.55,1,1,0.95,0.85,0.53,0.5,0.33,0.47,0.27,0.32,0.45,0.48,0.58,0.73,0.63,0.78,0.9,1,0.79,0.84,0.49,0.5
882,0.32,0.56,1,1,1,0.85,0.64,0.5,0.32,0.47,0.27,0.32,0.44,0.6,0.58,0.73,0.63,0.77,0.9,1,0.78,0.83,0.5,0.5
883,0.32,0.55,1,1,1,0.85,0.63,0.5,0.32,0.48,0.27,0.32,0.44,0.47,0.58,0.73,0.63,0.77,0.9,1,0.79,0.84,0.5,0.5
884,0.32,0.55,1,1,0.95,0.85,0.63,0.5,0.33,0.47,0.27,0.32,0.44,0.5,0.58,0.73,0.63,0.77,0.9,1,0.78,0.84,0.49,0.5
885,0.32,0.55,1,1,0.95,0.62,0.63,0.5,0.32,0.47,0.27,0.32,0.43,0.44,0.58,1,0.63,0.77,0.9,1,0.78,0.83,0.5,0.5
886,0.33,0.55,1,1,1,0.85,0.64,0.5,0.32,0.47,0.27,0.32,0.44,0.47,0.58,1,0.63,0.77,0.9,1,0.78,0.84,0.5,0.5
887,0.33,0.55,1,1,1,0.85,0.64,0.5,0.32,0.47,0.27,0.32,0.44,0.49,0.57,0.73,0.62,0.77,0.9,1,0.78,0.84,0.5,0.51
888,0.33,0.55,1,1,1,0.85,0.92,0.5,0.32,0.47,0.27,0.32,0.44,0.49,0.57,1,0.62,0.77,0.9,1,0.78,0.84,0.5,0.51
889,0.33,0.55,1,1,1,0.85,0.9,0.5,0.32,0.47,0.27,0.32,0.43,0.49,0.57,1,0.62,0.77,0.9,1,0.79,0.84,0.5,0.51
890,0.33,0.56,1,1,1,0.63,0.64,0.5,0.32,0.47,0.27,0.31,0.44,0.49,0.57,1,0.62,0.77,0.9,1,1,0.88,0.5,0.51
891,0.33,0.57,1,1,1,0.73,0.64,0.5,0.32,0.47,0.26,0.31,0.43,0.48,0.57,1,0.62,0.77,0.9,1,1,0.84,0.5,0.52
892,0.33,0.58,1,1,1,0.63,0.63,0.5,0.31,0.47,0.26,0.3,0.42,0.48,0.56,0.72,0.62,0.77,0.89,1,1,0.86,0.51,0.52
893,0.33,0.57,1,1,1,0.62,0.9,0.5,0.3,0.6,0.25,0.3,0.43,0.58,0.55,1,0.61,0.76,0.9,1,0.88,0.87,0.47,0.53
894,0.33,0.58,1,1,1,0.62,0.63,0.67,0.3,1,0.25,0.29,0.4,0.48,0.54,0.71,0.61,0.76,0.89,0.77,0.89,0.88,0.51,0.54
895,0.33,0.58,1,1,0.96,0.86,0.9,0.67,0.29,1,0.24,0.28,0.39,0.47,0.53,0.7,0.6,0.75,0.88,1,0.91,0.9,0.52,0.55
896,0.33,0.6,1,1,0.96,0.86,0.9,0.67,0.28,1,0.23,0.28,0.38,0.41,0.52,1,0.6,0.75,0.86,1,0.91,0.91,0.51,0.56
897,0.33,0.61,1,1,0.97,0.87,0.91,0.67,0.27,1,0.22,0.27,0.36,0.39,0.51,1,0.6,0.74,0.86,1,0.94,0.93,0.53,0.57
898,0.33,0.63,1,1,0.97,0.87,0.91,0.66,0.26,1,0.22,0.25,0.35,0.38,0.5,1,0.6,0.73,0.86,1,1,0.94,0.53,0.58
899,0.33,0.65,1,1,0.97,0.88,0.91,0.66,0.25,0.33,0.21,0.24,0.33,0.37,0.49,1,0.59,0.73,0.85,1,0.96,0.95,0.53,0.59
900,0.33,1,1,1,0.82,0.88,0.91,0.66,0.58,0.32,0.2,0.24,0.32,0.35,0.48,1,0.59,0.72,0.84,1,0.95,0.96,0.58,0.6
901,0.33,0.67,1,1,0.98,0.88,0.92,0.66,0.58,1,0.19,0.23,0.31,0.38,0.46,1,0.58,0.71,0.85,1,0.96,0.97,0.54,0.61
902,0.33,0.67,1,1,0.84,0.89,0.92,0.66,0.57,1,0.18,0.21,0.29,0.38,0.45,0.64,0.57,0.71,0.83,1,0.97,0.98,1,0.63
903,0.33,0.69,1,1,0.99,0.89,0.93,0.66,0.57,1,0.17,0.2,0.28,0.29,0.43,0.64,0.57,0.7,0.83,0.75,1,0.99,0.57,0.64
904,0.33,0.7,1,1,0.99,0.89,0.93,0.66,0.56,1,0.16,0.19,0.26,0.3,0.42,1,0.56,0.7,0.83,0.75,1,1,0.57,0.65
905,0.33,0.71,1,1,0.82,0.89,0.93,0.65,0.55,1,0.15,0.18,0.25,0.43,0.41,1,0.56,0.68,0.9,0.74,1,1,0.58,0.67
906,0.33,0.73,1,1,1,0.9,0.93,0.65,0.55,1,0.14,0.17,0.23,0.41,0.39,0.43,0.55,0.67,0.79,0.74,1,1,0.58,0.67
907,0.33,0.74,1,1,0.85,0.9,0.94,0.65,0.16,1,0.13,0.16,0.22,0.4,0.38,0.42,0.54,0.67,0.79,1,1,1,1,0.69
908,0.33,0.76,1,1,1,0.9,0.7,0.65,0.15,1,0.12,0.15,0.2,0.24,0.36,0.41,0.54,0.66,0.78,1,1,1,1,0.71
909,0.33,0.78,1,1,1,0.91,0.7,0.65,0.14,1,0.11,0.14,0.18,0.37,0.36,0.4,0.54,0.65,0.81,0.75,0.68,1,0.6,0.71
910,0.33,0.79,1,1,0.87,0.91,0.71,0.3,0.12,1,0.1,0.12,0.17,0.35,0.34,0.39,0.53,0.65,0.77,0.75,1,1,0.61,0.73
911,0.33,0.8,1,1,0.9,0.91,0.95,0.3,0.53,1,0.09,0.11,0.15,0.18,0.33,0.39,0.53,0.64,0.75,1,1,1,0.61,0.74
912,0.33,0.82,1,1,1,0.92,0.95,0.29,0.52,1,0.08,0.1,0.14,0.18,0.31,0.38,0.52,0.63,0.75,0.73,0.66,1,0.62,0.75
913,0.34,0.82,1,1,0.9,0.92,0.71,0.29,0.52,1,0.08,0.1,0.13,0.15,0.3,0.37,0.52,0.63,0.74,0.73,0.65,1,0.62,0.76
914,0.34,0.83,1,1,0.92,0.92,0.71,0.28,0.51,1,0.07,0.08,0.12,0.13,0.29,0.36,0.51,0.62,0.73,0.65,1,1,1,0.78
915,0.34,0.84,1,0.51,0.93,0.92,0.71,0.29,0.51,0.4,1,0.08,0.11,0.12,0.28,0.37,1,0.62,0.72,0.64,1,1,1,0.78
916,0.34,0.83,1,0.51,1,0.96,0.96,0.65,0.52,1,0.43,0.08,0.11,0.12,0.28,0.53,1,0.62,0.72,0.62,1,1,1,0.78
917,0.34,0.82,0.53,0.51,1,1,0.96,0.65,0.52,1,1,0.1,0.11,0.13,0.14,0.53,1,0.62,0.72,0.63,1,1,1,0.79
918,0.34,0.82,0.53,1,1,0.94,0.96,0.65,0.52,1,1,0.44,0.11,0.12,0.14,0.53,1,0.63,0.72,0.62,1,1,1,0.8
919,0.34,0.82,0.53,1,1,0.96,0.96,0.65,0.51,1,1,0.11,0.11,0.12,0.14,0.53,1,0.62,0.72,0.62,1,1,1,0.79
920,0.34,0.82,0.53,1,1,0.96,0.96,0.65,0.51,1,1,0.1,0.11,0.12,0.14,0.54,1,0.62,0.72,0.62,1,1,1,1
921,0.34,0.83,0.53,0.51,1,0.96,0.96,0.65,0.51,1,1,0.1,0.11,0.12,0.14,0.53,1,0.62,0.72,0.62,1,1,1,0.79
922,0.34,0.83,0.53,0.51,1,0.96,0.96,0.65,0.51,1,1,0.1,0.11,0.12,0.13,0.53,1,0.62,0.71,0.62,1,1,1,0.81
923,0.34,0.83,0.53,0.51,1,1,0.96,0.65,0.51,1,1,0.09,0.1,0.12,0.14,0.53,1,0.62,0.71,0.62,1,1,1,0.79
924,0.34,0.83,0.53,0.51,1,1,0.96,0.65,0.51,1,1,0.09,0.1,0.11,0.13,0.53,1,0.62,0.71,0.62,1,1,1,0.79
925,0.34,0.83,0.53,0.51,1,1,0.96,0.65,0.51,1,1,0.09,0.1,0.11,0.13,0.53,1,0.61,0.71,0.62,1,1,1,0.81
926,0.34,0.83,0.53,0.51,1,1,0.96,0.65,0.51,1,1,0.09,0.1,0.11,0.13,0.53,1,0.61,0.71,0.62,1,1,1,0.81
927,0.34,0.83,0.53,0.51,1,1,0.96,0.65,0.51,1,1,0.09,0.1,0.11,0.13,0.53,1,0.61,0.71,0.62,1,1,1,0.82
928,0.34,0.83,0.54,0.51,1,0.96,0.96,0.65,0.51,1,1,0.09,0.1,0.11,0.13,0.53,1,0.61,0.71,0.62,1,1,1,0.82
929,0.34,0.83,0.53,0.51,1,0.94,0.96,0.65,0.51,1,1,0.09,0.1,0.11,0.13,0.53,1,0.61,0.71,0.62,1,1,1,0.81
930,0.34,0.84,1,0.51,1,0.96,0.96,0.65,0.51,1,1,0.08,0.09,0.11,0.13,0.52,1,0.61,0.71,0.62,1,1,1,0.82
931,0.34,0.84,0.54,0.51,1,0.97,0.96,0.65,0.51,1,1,0.08,0.09,0.1,0.13,0.52,1,0.61,0.71,0.62,1,1,1,0.8
932,0.34,0.84,0.54,0.51,1,1,0.96,0.65,0.51,1,1,0.08,0.09,0.1,0.13,0.52,1,0.62,0.71,0.62,1,1,1,0.82
933,0.34,0.84,0.54,0.51,1,1,0.96,0.65,0.51,0.4,1,0.08,0.09,0.1,0.13,0.52,1,0.63,0.71,0.62,1,1,1,0.82
934,0.34,0.84,0.54,0.51,1,0.94,0.96,0.65,0.51,0.39,1,0.08,0.09,0.1,0.13,0.52,1,0.63,0.71,0.62,1,1,1,0.82
935,0.34,0.84,0.54,0.51,1,1,0.96,0.65,0.51,0.39,1,0.08,0.09,0.1,0.13,0.52,1,0.62,0.71,0.62,1,1,1,0.8
936,0.34,0.84,0.54,0.51,1,0.97,0.96,0.65,0.51,0.39,1,0.08,0.09,0.1,0.13,0.52,1,0.61,0.71,0.62,1,1,1,0.82
937,0.34,0.84,0.54,0.51,1,1,0.96,0.65,0.51,1,1,0.08,0.09,0.1,0.12,0.52,1,0.61,0.71,0.62,1,1,1,1
938,0.34,0.84,0.54,0.51,1,0.97,0.96,0.65,0.51,1,1,0.08,0.09,0.1,0.12,0.52,1,0.61,0.71,0.61,0.73,1,1,1
939,0.34,0.84,1,0.51,1,1,0.96,0.65,0.51,1,1,0.08,0.09,0.1,0.12,0.52,1,0.61,0.71,0.61,0.72,1,1,0.83
940,0.35,0.84,1,0.51,1,1,0.96,0.65,0.51,1,1,0.07,0.09,0.1,0.12,0.52,0.97,0.62,0.71,0.61,0.72,1,1,0.84
941,0.35,0.84,1,0.51,1,1,0.96,0.65,0.51,1,1,0.07,0.09,0.1,0.12,0.44,0.97,0.61,0.71,0.61,0.71,1,1,0.82
942,0.35,0.84,1,0.51,1,0.94,0.96,0.65,0.52,1,1,0.07,0.09,0.1,0.11,0.52,1,0.61,0.71,0.61,0.72,1,1,1
943,0.35,0.84,1,1,1,0.94,0.96,0.66,0.52,1,1,0.07,0.09,0.1,0.11,0.52,0.51,0.61,0.69,0.61,0.71,1,0.63,0.8
944,0.35,0.84,1,1,1,0.94,0.96,0.67,0.52,0.39,1,0.07,0.09,0.12,0.27,0.52,0.51,0.61,0.69,0.6,0.69,0.66,0.63,0.8
945,0.35,0.84,1,1,1,0.94,0.96,0.77,0.52,0.39,0.46,0.07,0.09,0.1,0.27,0.43,0.51,0.61,0.69,0.6,0.68,0.65,0.63,0.8
946,0.35,0.8,1,1,1,1,0.97,0.77,0.74,0.39,0.47,0.07,0.09,0.1,0.13,0.52,0.52,0.61,0.69,0.6,0.6,1,0.63,1
947,0.35,0.84,1,1,1,0.94,0.97,0.77,0.74,0.35,0.47,0.08,0.09,0.1,0.13,0.52,0.64,0.61,0.69,0.6,0.66,1,0.63,0.73
948,0.35,0.83,1,1,1,0.95,0.97,0.77,0.53,0.39,0.46,0.08,0.09,0.1,0.11,0.51,0.96,0.61,0.69,0.59,0.65,0.63,0.63,1
949,0.35,0.83,0.54,1,1,1,0.99,0.77,0.53,0.39,0.47,0.15,0.09,0.1,0.1,0.51,0.96,0.61,0.68,0.59,0.59,0.63,1,1
950,0.35,0.83,1,1,1,1,0.98,0.77,0.53,0.39,1,1,0.1,0.1,0.1,0.43,0.96,1,0.69,0.58,0.58,1,1,1
951,0.35,0.83,0.53,1,1,1,0.98,0.77,0.53,0.39,0.27,1,0.1,0.1,0.1,0.51,0.95,1,0.69,0.58,0.57,1,1,1
952,0.35,0.83,0.53,1,1,1,1,0.77,1,0.39,0.46,1,0.1,0.1,0.1,0.43,0.95,1,0.68,0.58,0.57,0.72,1,1
953,0.35,0.83,0.53,1,1,1,1,0.78,1,0.39,0.46,0.08,0.09,0.1,0.1,0.51,0.95,0.81,0.68,0.58,0.57,0.72,1,0.71
954,0.35,0.83,0.56,1,1,1,0.99,0.78,1,0.4,0.46,1,0.09,0.1,0.1,0.43,0.95,0.79,0.68,0.57,0.56,0.69,1,0.71
955,0.35,0.83,0.56,1,1,1,0.99,0.78,1,0.41,0.38,1,0.1,0.1,0.13,0.46,0.95,0.79,0.68,0.57,0.56,0.69,0.73,0.71
956,0.35,0.84,1,1,1,1,0.99,0.78,1,0.41,0.46,1,0.1,0.1,0.1,0.46,0.95,0.79,0.68,0.57,0.57,0.66,0.73,0.71
957,0.35,0.84,0.53,1,1,1,1,0.78,1,0.77,0.46,1,0.1,0.1,0.1,0.44,0.94,0.79,0.68,0.57,0.56,0.6,1,0.71
958,0.35,0.84,0.53,1,1,1,1,0.78,0.93,0.56,0.46,0.55,0.11,0.1,0.1,0.42,0.94,0.79,0.68,0.57,0.55,0.6,1,0.71
959,0.35,0.88,0.53,1,1,0.09,1,1,1,0.41,0.46,1,0.12,0.12,0.09,0.41,0.78,1,1,0.56,0.54,0.59,1,1
960,0.35,0.84,0.53,1,0.22,0.09,1,1,1,0.41,0.46,1,0.22,0.1,0.09,0.41,0.78,1,0.69,0.57,0.54,0.58,0.4,1
961,0.35,0.84,0.53,0.49,1,1,0.91,0.79,1,0.78,0.47,1,0.12,0.1,0.09,0.41,0.78,1,0.69,0.57,0.54,0.57,0.4,1
962,0.35,0.84,0.53,0.49,1,1,1,0.79,1,0.78,1,1,0.11,0.1,0.09,0.41,0.77,1,0.69,0.57,0.54,0.57,1,1
963,0.35,0.84,0.53,0.53,1,1,1,0.79,1,0.78,0.47,0.55,0.11,0.1,0.09,0.41,0.78,0.99,0.69,0.56,0.53,0.56,0.37,1
964,0.35,0.84,0.53,0.53,1,1,1,0.8,1,0.78,0.66,0.44,0.12,0.1,0.09,0.42,0.83,1,0.89,0.56,0.53,0.56,0.38,1
965,0.35,0.84,0.53,0.53,1,1,1,0.8,1,0.78,0.89,0.55,0.12,0.1,0.09,0.41,0.83,1,0.89,0.56,0.53,0.56,0.36,0.84
966,0.35,0.85,0.53,0.49,1,1,1,1,1,0.78,0.89,0.55,1,0.13,0.09,0.4,0.77,1,0.89,0.56,0.53,0.56,0.38,0.38
967,0.36,1,0.54,0.49,0.21,1,1,1,1,0.89,0.47,0.55,0.77,1,0.09,0.4,0.76,1,0.88,0.57,0.53,0.56,0.32,0.37
968,0.36,0.43,1,0.49,0.21,1,1,1,1,0.89,0.47,0.55,0.77,0.24,0.1,0.4,0.75,1,0.89,1,0.52,0.55,0.31,0.37
969,0.36,0.43,1,0.49,0.21,1,1,1,1,0.9,0.48,0.55,1,0.23,0.13,0.4,0.75,0.97,1,1,0.53,0.54,0.31,0.37
970,0.36,0.87,0.54,0.49,0.2,1,1,1,1,0.89,0.48,0.56,1,1,0.1,0.4,0.75,0.97,1,1,0.53,0.54,0.3,0.37
971,0.36,0.42,0.53,0.49,0.2,1,1,0.84,1,0.9,0.9,0.56,1,0.11,0.09,0.4,0.75,0.97,1,1,0.53,0.54,0.3,0.37
972,0.36,0.74,0.53,0.49,0.21,1,1,1,1,0.9,0.9,0.56,0.76,1,0.09,0.4,0.75,0.97,1,0.74,0.53,0.54,0.3,0.37
973,0.36,0.74,0.53,0.49,0.21,1,1,1,1,0.9,1,0.56,0.6,1,0.1,0.4,0.76,0.96,1,0.73,0.53,0.54,0.3,0.36
974,0.36,0.74,0.54,0.49,1,1,1,1,1,0.9,1,0.77,0.6,0.75,0.1,0.4,0.75,0.96,1,0.73,0.53,0.54,0.3,0.39
975,0.36,1,1,0.49,0.21,1,1,1,1,0.9,1,1,0.61,0.75,0.1,0.4,0.74,0.96,1,0.73,0.53,0.53,0.3,0.39
976,0.36,0.41,1,0.5,0.21,1,1,1,1,0.9,1,1,0.67,1,1,0.4,0.74,0.96,1,0.73,0.54,0.53,0.3,0.36
977,0.36,0.41,1,0.5,0.21,1,1,1,1,0.9,1,0.56,0.73,0.74,1,0.4,0.74,0.94,1,1,1,0.53,0.29,0.35
978,0.36,0.4,1,1,0.21,0.07,1,1,1,0.91,1,1,0.73,0.41,1,1,0.73,0.94,1,1,1,0.52,0.29,0.34
979,0.36,1,1,1,0.21,0.07,1,1,1,0.91,1,0.57,0.75,0.75,1,1,0.73,0.93,1,1,1,0.53,0.29,0.34
980,0.36,0.89,1,0.5,0.21,0.07,1,1,1,0.91,1,1,0.76,0.66,1,0.4,0.73,0.93,1,1,0.71,0.53,0.29,0.33
981,0.36,0.39,1,0.5,0.21,1,0.1,1,1,0.91,1,1,0.76,0.74,1,0.4,0.73,0.93,1,1,0.7,0.53,0.29,0.33
982,0.36,0.39,1,0.5,0.21,1,0.09,1,1,0.91,1,1,0.76,0.74,1,0.4,0.73,0.93,1,1,0.7,0.53,0.29,0.33
983,0.36,0.39,1,0.5,0.21,0.08,0.09,1,1,0.91,1,1,0.76,0.74,1,0.4,0.73,0.93,1,1,0.7,0.53,0.29,0.33
984,0.36,0.39,1,0.5,0.21,0.08,0.09,1,1,1,1,1,0.76,0.74,1,0.4,0.73,0.93,1,1,0.7,0.53,0.29,0.33
985,0.36,0.39,1,0.5,0.21,0.08,0.09,1,1,0.91,1,1,0.76,0.74,1,0.4,0.73,0.93,1,1,0.7,0.53,0.29,0.33
986,0.36,0.39,0.47,0.51,0.21,0.08,0.1,1,1,0.91,1,1,0.76,0.59,1,0.4,0.73,0.93,1,1,0.69,0.53,0.29,0.33
987,0.36,0.38,1,1,0.21,0.08,1,1,1,0.91,1,1,0.76,0.59,1,0.4,0.73,0.93,1,1,0.69,0.53,0.29,0.33
988,0.36,0.38,1,1,0.21,1,1,1,1,1,1,1,0.77,0.59,0.72,0.4,0.73,0.92,1,1,0.69,0.53,0.29,0.33
989,0.36,0.38,0.26,0.51,0.21,0.08,1,1,1,1,1,1,0.77,0.59,0.72,0.4,0.73,0.92,1,1,0.69,0.54,0,0.34
990,0.36,0.37,0.25,0.51,0.21,0.08,1,1,1,0.91,1,1,1,0.65,0.72,0.4,0.73,0.92,1,0.95,0.69,0.54,0,0.34
991,0.36,0.37,0.25,1,0.22,0.07,1,1,1,1,1,1,1,0.65,1,0.4,0.73,0.92,1,0.94,0.69,0.55,0,0.33
992,0.36,0.37,0.25,1,0.23,0.07,1,1,1,1,1,1,1,0.66,0.71,0.41,0.73,0.91,1,0.93,0.71,1,0,0.33
993,0.36,0.37,0.25,1,0.23,0.07,0.09,1,1,1,1,1,0.77,0.72,0.71,1,0.74,0.91,1,0.93,0.54,1,0,0.33
994,0.36,0.36,0.25,1,0.22,0.07,0.1,1,0.27,1,1,1,0.77,0.72,0.71,1,0.75,0.91,1,0.92,0.54,1,0.29,0
995,0.37,0.44,0.25,1,0.22,0.07,0.09,0.08,0.27,1,1,1,0.77,0.72,1,1,0.76,0.91,1,0.92,0.92,1,0.29,0
996,0.37,0.44,0.25,1,0.22,0.07,0.09,0.08,0.27,1,1,1,0.77,0.72,1,1,0.76,0.91,1,0.92,0.92,1,0.29,0.33
997,0.37,0.44,0.25,1,0.22,0.08,0.1,1,0.27,1,1,1,0.77,0.72,0.71,1,0.74,0.9,1,0.92,0.55,1,0.29,0.33
998,0.37,0.45,0.25,1,0.22,0.08,0.09,1,0.28,1,1,1,0.76,0.72,0.71,1,0.75,0.9,1,0.92,0.91,1,0.29,0.33
999,0.37,0.38,0.25,1,0.23,0.08,0.1,1,1,1,1,1,0.75,0.71,0.7,1,1,0.9,1,0.91,0.57,1,0.3,0.34
